RUID,UID,Census,Set,SubSet,PlotCode,Plot,Tra,Qua,Crit,Sample,Tag,Species,PosX,PosY,Sup,Rep,F x R,# R,OBSERVACIONES,CAR,RecrYr,DeadYr,ExcYr,RincYr,Height,CovD1,CovD2,DBH01,DBH02,DBH03,DBH04,DBH05,DBH06,DBH07,DBH08,DBH09,DBH10,DBH11,DBH12,DBH13,DBH14,DBH15,DBH16,DBH17,DBH18,DBH19,DBH20,DBH21,DBH22,DBH23,DBH24,DBH25,DBH26,DBH27,DBH28,DBH29,DBH30,minDBH,maxDBH,Basal.cm2/plot,Basal.m2/ha,Cob.m2/plot,Cob.m2/ha,Dens.ha,Rec.ha,Mu.ha,Stems,Observaciones anuales,Historial de objeto
21191816,211918,2016,SecCan,NA,SC01,RIC,1,1,A,400,977,Mimosa acantholoba,"3,63","2,15",1,1,26,2,,,2012,,,,"5,73","1,9","1,9",6,,,,,,,,,,,,,,,,,,,,,,,,,,,,,,6,6,"28,27433388","0,07068583471","2,83528737","70,88218425",25,0,0,1,,
21177216,211772,2016,SecCan,NA,SC01,RIC,1,2,B,400,966,Mimosa acantholoba,"0,4","9,7",1,1,37,3,,,,,,,"5,75","4,26","1,54","9,2",,,,,,,,,,,,,,,,,,,,,,,,,,,,,,"9,2","9,2","66,47610055","0,1661902514","5,152526111","128,8131528",25,0,0,1,,
21172716,211727,2016,SecCan,NA,SC01,RIC,1,3,C,400,959,Mimosa acantholoba,"2,35","10,05",1,0,,,,,,,,,"5,6","3,1","1,5","7,9","5,8","10,2",,,,,,,,,,,,,,,,,,,,,,,,,,,,"5,8","10,2","157,1503185","0,3928757963","3,65210146","91,30253649",25,0,0,3,,
21150516,211505,2016,SecCan,NA,SC01,RIC,1,3,C,400,949,Mimosa acantholoba,"2,5","14,7",1,0,,,,,,,,,"5,94","3,3","2,38","6,2","9,6",,,,,,,,,,,,,,,,,,,,,,,,,,,,,"6,2","9,6","102,5730001","0,2564325003","6,168517175","154,2129294",25,0,0,2,,
21146816,211468,2016,SecCan,NA,SC01,RIC,1,4,A,400,947,Mimosa acantholoba,"3,4","17,2",1,M,,,,,,,,,3,"1,9","1,8","6,9",,,,,,,,,,,,,,,,,,,,,,,,,,,,,,"6,9","6,9","37,39280656","0,0934820164","2,686061719","67,15154297",25,0,0,1,,
21141316,211413,2016,SecCan,NA,SC01,RIC,2,1,A,400,945,Mimosa acantholoba,"2,63","3,68",1,0,,,,,2013,,,,"4,7","2,06","1,2","5,7",,,,,,,,,,,,,,,,,,,,,,,,,,,,,,"5,7","5,7","25,51758633","0,06379396582","1,94150426","48,5376065",25,0,0,1,,
21139016,211390,2016,SecCan,NA,SC01,RIC,2,2,A,400,160,Mimosa acantholoba,"2,95",7,1,M,,,,,,,,,"4,6","6,1","1,8","7,2",,,,,,,,,,,,,,,,,,,,,,,,,,,,,,"7,2","7,2","40,71504079","0,101787602","8,623671834","215,5917959",25,0,0,1,,
21138316,211383,2016,SecCan,NA,SC01,RIC,2,2,A,400,941,Mimosa acantholoba,"1,25","7,1",1,M,,,,,,,,,"4,3","2,7","1,6","5,8",,,,,,,,,,,,,,,,,,,,,,,,,,,,,,"5,8","5,8","26,42079422","0,06605198554","3,392920066","84,82300165",25,0,0,1,,
21135216,211352,2016,SecCan,NA,SC01,RIC,2,2,A,400,940,Mimosa acantholoba,"4,55","9,45",1,1,16,5,,,,,,,"6,2","4,14","2,63","11,4",,,,,,,,,,,,,,,,,,,,,,,,,,,,,,"11,4","11,4","102,0703453","0,2551758633","8,551572283","213,7893071",25,0,0,1,,
21131416,211314,2016,SecCan,NA,SC01,RIC,2,3,B,400,937,Mimosa acantholoba,"0,3","12,2",1,0,,,,,,,,,"4,96","4,7","1,63","9,3",,,,,,,,,,,,,,,,,,,,,,,,,,,,,,"9,3","9,3","67,92908715","0,1698227179","6,01693533","150,4233832",25,0,0,1,,
21100016,211000,2016,SecCan,NA,SC01,RIC,3,1,A,400,912,Mimosa acantholoba,2,"1,62",1,0,,,,,,,,,"4,3","4,8","1,9","9,1",,,,,,,,,,,,,,,,,,,,,,,,,,,,,,"9,1","9,1","65,03882191","0,1625970548","7,16283125","179,0707813",25,0,0,1,,
21096616,210966,2016,SecCan,NA,SC01,RIC,3,1,A,400,910,Mimosa acantholoba,"1,2","2,3",1,M,,,,,2009,,,,"3,6","1,9","0,7","6,1",,,,,,,,,,,,,,,,,,,,,,,,,,,,,,"6,1","6,1","29,22466566","0,07306166415","1,044579557","26,11448893",25,0,0,1,,
21094216,210942,2016,SecCan,NA,SC01,RIC,3,2,A,400,908,Mimosa acantholoba,"1,6","6,8",1,M?,,,,,,,,,"6,7","6,6","6,1","6,2","10,3","16,2",,,,,,,,,,,,,,,,,,,,,,,,,,,,"6,2","16,2","319,6334906","0,7990837264","31,62013006","790,5032515",25,0,0,3,,
21066916,210669,2016,SecCan,NA,SC01,RIC,3,4,B,400,893,Mimosa acantholoba,"0,3","16,25",1,1,10,4,,,,,,,"4,1","3,7",3,"9,7",,,,,,,,,,,,,,,,,,,,,,,,,,,,,,"9,7","9,7","73,89811319","0,184745283","8,717919614","217,9479903",25,0,0,1,Revisar DAP 2015,
21063816,210638,2016,SecCan,NA,SC01,RIC,3,4,B,400,889,Mimosa acantholoba,"4,5",18,1,1,38,3,,,,,,,"7,2","3,5",3,"10,4","5,1",,,,,,,,,,,,,,,,,,,,,,,,,,,,,"5,1","10,4","105,3768716","0,263442179","8,246680716","206,1670179",25,0,0,2,,
21060716,210607,2016,SecCan,NA,SC01,RIC,3,4,B,400,898,Mimosa acantholoba,1,"19,5",1,0,,,,,,,,,7,"4,4","3,6","11,9",,,,,,,,,,,,,,,,,,,,,,,,,,,,,,"11,9","11,9","111,2202339","0,2780505848","12,44070691","311,0176727",25,0,0,1,,
21059116,210591,2016,SecCan,NA,SC01,RIC,3,4,B,400,887,Mimosa acantholoba,3,"19,7",1,1,21,5,,,,,,,"5,15","3,7","3,4","10,1",,,,,,,,,,,,,,,,,,,,,,,,,,,,,,"10,1","10,1","80,11846665","0,2002961666","9,880308896","247,0077224",25,0,0,1,,
21048516,210485,2016,SecCan,NA,SC01,RIC,4,2,A,400,878,Mimosa acantholoba,"3,95","6,9",1,M,,,,,,,,,"6,55","2,62","2,36","12,7",,,,,,,,,,,,,,,,,,,,,,,,,,,,,,"12,7","12,7","126,6768698","0,3166921744","4,856273924","121,4068481",25,0,0,1,,
21046116,210461,2016,SecCan,NA,SC01,RIC,4,2,A,400,877,Mimosa acantholoba,"3,55",7,1,0,,,,,2004,,,,"3,3","2,46","0,77","6,7",,,,,,,,,,,,,,,,,,,,,,,,,,,,,,"6,7","6,7","35,25652355","0,08814130889","1,487701201","37,19253003",25,0,0,1,,
21044716,210447,2016,SecCan,NA,SC01,RIC,4,2,A,400,880,Mimosa acantholoba,"0,55","8,3",1,1,7,5,,,,,,,"5,2","3,5","2,4","7,9",,,,,,,,,,,,,,,,,,,,,,,,,,,,,,"7,9","7,9","49,01669938","0,1225417484","6,597344573","164,9336143",25,0,0,1,,
21040916,210409,2016,SecCan,NA,SC01,RIC,4,3,B,200,874,Mimosa acantholoba,"4,85","10,57",1,0,,,,,,,,,"5,3","5,54","1,7","3,4","2,2",,,,,,,,,,,,,,,,,,,,,,,,,,,,,"2,2","3,4","12,88052988","0,0644026494","7,396879903","369,8439951",50,0,0,2,DAP 2 reubicado,
21031716,210317,2016,SecCan,NA,SC01,RIC,4,3,B,200,869,Mimosa acantholoba,"0,4","13,4",1,M,,,,,,,,,"2,3","3,7",2,"2,7",,,,,,,,,,,,,,,,,,,,,,,,,,,,,,"2,7","2,7","5,725552611","0,02862776306","5,811946409","290,5973205",50,0,0,1,,
21018816,210188,2016,SecCan,NA,SC01,RIC,4,4,C,400,865,Mimosa acantholoba,"1,35","16,17",1,M,,,,,,,,,"6,2","5,1","2,4","7,7",,,,,,,,,,,,,,,,,,,,,,,,,,,,,,"7,7","7,7","46,56625711","0,1164156428","9,61327352","240,331838",25,0,0,1,Fusionado con el individuo 210195 (tag 866),
21015716,210157,2016,SecCan,NA,SC01,RIC,4,4,C,400,862,Mimosa acantholoba,"2,85","16,5",1,Excluído,,,,,,,,,4,"5,7","1,6","6,2",,,,,,,,,,,,,,,,,,,,,,,,,,,,,,"6,2","6,2","30,1907054","0,0754767635","7,16283125","179,0707813",25,0,0,1,,
21012616,210126,2016,SecCan,NA,SC01,RIC,4,4,C,200,864,Mimosa acantholoba,"2,5","17,5",1,M,,,,,,,,,"3,1","4,1","1,7","4,3",,,,,,,,,,,,,,,,,,,,,,,,,,,,,,"4,3","4,3","14,52201204","0,07261006021","5,474225199","273,7112599",50,0,0,1,,
21005816,210058,2016,SecCan,NA,SC01,RIC,4,4,C,400,855,Mimosa acantholoba,1,"18,7",1,M,,,,,,,,,"4,8","2,9","2,5",10,,,,,,,,,,,,,,,,,,,,,,,,,,,,,,10,10,"78,53981634","0,1963495408","5,694136685","142,3534171",25,0,0,1,,
21001016,210010,2016,SecCan,NA,SC01,RIC,4,4,C,400,851,Mimosa acantholoba,5,"19,5",1,1,15,2,"Era un individuo grande, se cayó y sus rebrotes eran reproductivos",,,,,,"3,26","6,97","2,35","3,2","4,6",5,"3,6",,,,,,,,,,,,,,,,,,,,,,,,,,,"3,2",5,"54,47521661","0,1361880415","12,86442922","321,6107304",25,0,0,4,,
21199416,211994,2016,SecCan,NA,SC02,ISP,1,1,A,400,599,Mimosa acantholoba,"2,15","2,5",1,M,,,,,,,,,"7,2","6,2","5,3","7,4",11,"13,5",,,,,,,,,,,,,,,,,,,,,,,,,,,,"7,4","13,5","281,1803965","0,7029509912","25,80818365","645,2045912",25,0,0,3,"DAP 4 partido a la mitad, pero vivo",
21200716,212007,2016,SecCan,NA,SC02,ISP,1,2,B,400,600,Mimosa acantholoba,"0,13","5,6",1,0,,,,,,,,,"7,25","5,9","4,9","7,6","12,2",,,,,,,,,,,,,,,,,,,,,,,,,,,,,"7,6","12,2","162,2632606","0,4056581514","22,7058609","567,6465226",25,0,0,2,,
21202116,212021,2016,SecCan,NA,SC02,ISP,1,2,B,400,601,Mimosa acantholoba,"1,05","7,08",1,M,,,,,,,,,"6,96","4,1","3,8","7,5",,,,,,,,,,,,,,,,,,,,,,,,,,,,,,"7,5","7,5","44,17864669","0,1104466167","12,23650339","305,9125846",25,0,0,1,,
21205216,212052,2016,SecCan,NA,SC02,ISP,1,2,B,200,603,Mimosa acantholoba,"0,95","9,05",1,M,,,,,,,2008,2012,"3,6","1,2","1,4","2,8",,,,,,,,,,,,,,,,,,,,,,,,,,,,,,"2,8","2,8","6,157521601","0,03078760801","1,319468915","65,97344573",50,0,0,1,,
21216816,212168,2016,SecCan,NA,SC02,ISP,1,3,C,400,610,Mimosa acantholoba,"1,7","11,1",1,M,,,,,,,,,"7,01","8,5",5,"10,6","11,2",,,,,,,,,,,,,,,,,,,,,,,,,,,,,"10,6","11,2","186,7676833","0,4669192081","33,37942194","834,4855486",25,0,0,2,,
21230416,212304,2016,SecCan,NA,SC02,ISP,1,4,A,400,627,Mimosa acantholoba,"3,5","15,3",1,M,,,,,2006,,,,"6,6","4,7","3,1","12,6",,,,,,,,,,,,,,,,,,,,,,,,,,,,,,"12,6","12,6","124,6898124","0,3117245311","11,44325124","286,081281",25,0,0,1,,
21231116,212311,2016,SecCan,NA,SC02,ISP,1,4,A,ERR,634,Mimosa acantholoba,"0,58","15,73",1,M,,,,,2013,,,,"5,3","2,7","1,7","0,3",,,,,,,,,,,,,,,,,,,,,,,,,,,,,,"0,3","0,3","0,07068583471",E.SAMPLE,"3,60497757",E.SAMPLE,#VALUE!,#VALUE!,0,1,,
21234216,212342,2016,SecCan,NA,SC02,ISP,1,4,A,400,631,Mimosa acantholoba,2,"18,4",1,0,,,,,,,,,"6,37","6,1",4,8,"5,1","5,9",15,,,,,,,,,,,,,,,,,,,,,,,,,,,"5,1",15,"274,7479855","0,6868699638","19,16371519","479,0928797",25,0,0,4,DAP 2 rebrotó,
21240316,212403,2016,SecCan,NA,SC02,ISP,2,1,C,400,636,Mimosa acantholoba,"0,75","1,6",1,M,,,,,,,,,5,"3,4",5,"9,7",,,,,,,,,,,,,,,,,,,,,,,,,,,,,,"9,7","9,7","73,89811319","0,184745283","13,35176878","333,7942194",25,0,0,1,,
21245816,212458,2016,SecCan,NA,SC02,ISP,2,1,C,400,643,Mimosa acantholoba,2,3,1,M,,,,,,,,,6,"5,5","3,9","7,7","8,8",,,,,,,,,,,,,,,,,,,,,,,,,,,,,"7,7","8,8","107,3874909","0,2684687272","16,8467906","421,1697651",25,0,0,2,,
21251916,212519,2016,SecCan,NA,SC02,ISP,2,1,C,400,647,Mimosa acantholoba,"3,66",4,1,M,,,,,,,,,"3,87","1,7","1,1","5,8",,,,,,,,,,,,,,,,,,,,,,,,,,,,,,"5,8","5,8","26,42079422","0,06605198554","1,468694566","36,71736414",25,0,0,1,,
21256416,212564,2016,SecCan,NA,SC02,ISP,2,2,B,400,649,Mimosa acantholoba,"1,5","6,6",1,1,110,3,,,,,,,"6,92","3,4","3,4","10,8","7,4",,,,,,,,,,,,,,,,,,,,,,,,,,,,,"7,4","10,8","134,6172452","0,336543113","9,079202769","226,9800692",25,0,0,2,,
21258816,212588,2016,SecCan,NA,SC02,ISP,2,2,B,200,652,Mimosa acantholoba,"0,1","8,65",1,M,,,Dicen que es la misma que 651,,,,,,"5,06","5,1","3,6",4,,,,,,,,,,,,,,,,,,,,,,,,,,,,,,4,4,"12,56637061","0,06283185307","14,41991028","720,995514",50,0,0,1,DAP reubicado,
21259516,212595,2016,SecCan,NA,SC02,ISP,2,2,B,400,651,Mimosa acantholoba,"0,4","8,65",1,M,,,Dicen que es la misma que 652,,,,,,"6,8","4,2","3,2","9,3",,,,,,,,,,,,,,,,,,,,,,,,,,,,,,"9,3","9,3","67,92908715","0,1698227179","10,55575132","263,8937829",25,0,0,1,,
21260116,212601,2016,SecCan,NA,SC02,ISP,2,2,B,400,653,Mimosa acantholoba,"2,8","8,8",1,1,4,3,,,,,,,"6,6","3,6",4,"8,2","4,8",,,,,,,,,,,,,,,,,,,,,,,,,,,,,"4,8","8,2","70,90574619","0,1772643655","11,30973355","282,7433388",25,0,0,2,,
21261816,212618,2016,SecCan,NA,SC02,ISP,2,2,B,200,654,Mimosa acantholoba,"2,2","9,5",1,M,,,,,,,,,4,"2,6","1,08","4,3",,,,,,,,,,,,,,,,,,,,,,,,,,,,,,"4,3","4,3","14,52201204","0,07261006021","2,205398043","110,2699021",50,0,0,1,,
21262516,212625,2016,SecCan,NA,SC02,ISP,2,2,B,200,655,Mimosa acantholoba,4,"9,74",1,M,,,,,2013,,,,"3,5","2,5","1,8","2,9",,,,,,,,,,,,,,,,,,,,,,,,,,,,,,"2,9","2,9","6,605198554","0,03302599277","3,534291735","176,7145868",50,0,0,1,,
21266316,212663,2016,SecCan,NA,SC02,ISP,2,4,A,400,659,Mimosa acantholoba,"2,97","16,6",1,1,92,9,,,2011,,,,"6,11","4,5","3,1","7,8",,,,,,,,,,,,,,,,,,,,,,,,,,,,,,"7,8","7,8","47,78362426","0,1194590607","10,95630438","273,9076095",25,0,0,1,,
21274816,212748,2016,SecCan,NA,SC02,ISP,3,1,A,400,666,Mimosa acantholoba,"2,92","0,78",1,M,,,,,,,,,6,3,"1,6","9,9",,,,,,,,,,,,,,,,,,,,,,,,,,,,,,"9,9","9,9","76,97687399","0,192442185","3,769911184","94,24777961",25,0,0,1,,
21275516,212755,2016,SecCan,NA,SC02,ISP,3,1,A,400,667,Mimosa acantholoba,"2,74","1,39",1,M,,,,,,,,,"2,7","0,4","1,3","9,2",,,,,,,,,,,,,,,,,,,,,,,,,,,,,,"9,2","9,2","66,47610055","0,1661902514","0,408407045","10,21017612",25,0,0,1,,
21276216,212762,2016,SecCan,NA,SC02,ISP,3,1,A,400,668,Mimosa acantholoba,"3,53","1,5",1,0,,,,,,,,,"5,7","4,7",4,"11,5","5,8",,,,,,,,,,,,,,,,,,,,,,,,,,,,,"5,8","11,5","130,2897013","0,3257242533","14,76548547","369,1371368",25,0,0,2,,
21279316,212793,2016,SecCan,NA,SC02,ISP,3,1,A,400,669,Mimosa acantholoba,"1,7","2,3",1,M,,,,,2008,,,,"5,4",5,"2,8","9,9",,,,,,,,,,,,,,,,,,,,,,,,,,,,,,"9,9","9,9","76,97687399","0,192442185","10,99557429","274,8893572",25,0,0,1,,
21284716,212847,2016,SecCan,NA,SC02,ISP,3,1,A,400,671,Mimosa acantholoba,"3,9","4,7",1,M,,,,,,,,,"4,65","1,7","1,7","10,6",,,,,,,,,,,,,,,,,,,,,,,,,,,,,,"10,6","10,6","88,24733764","0,2206183441","2,269800692","56,74501731",25,0,0,1,,
21290816,212908,2016,SecCan,NA,SC02,ISP,3,2,B,200,673,Mimosa acantholoba,"3,45","9,37",1,M,,,,,,,,,"2,8","5,2","2,8","4,5","2,6",,,,,,,,,,,,,,,,,,,,,,,,,,,,,"2,6","4,5","21,21360439","0,106068022","11,43539726","571,769863",50,0,0,2,DAP 1 reubicado. Tronco principal muerto.,
21296016,212960,2016,SecCan,NA,SC02,ISP,3,3,A,400,678,Mimosa acantholoba,"1,29",10,1,M,,,,,,,,,"4,11","5,6","3,4","9,5","7,7",,,,,,,,,,,,,,,,,,,,,,,,,,,,,"7,7","9,5","117,4484414","0,2936211034","14,95398103","373,8495258",25,0,0,2,,
21299116,212991,2016,SecCan,NA,SC02,ISP,3,3,A,400,681,Mimosa acantholoba,"0,74","14,54",1,M,,,,,,,,,"4,48","5,1","5,3","7,3","10,9","9,9",,,,,,,,,,,,,,,,,,,,,,,,,,,,"7,3","10,9","212,1438979","0,5303597448","21,22931236","530,7328089",25,0,0,3,,
21303516,213035,2016,SecCan,NA,SC02,ISP,3,4,C,200,687,Mimosa acantholoba,"1,71","16,19",1,M,,,,,,,,,"3,5","1,6","1,6","2,7",,,,,,,,,,,,,,,,,,,,,,,,,,,,,,"2,7","2,7","5,725552611","0,02862776306","2,010619298","100,5309649",50,0,0,1,DAP reubicado,
21308016,213080,2016,SecCan,NA,SC02,ISP,3,4,C,400,688,Mimosa acantholoba,"2,15","17,36",1,M,,,,,,,,,"7,03","3,1","3,6","9,1",,,,,,,,,,,,,,,,,,,,,,,,,,,,,,"9,1","9,1","65,03882191","0,1625970548","8,765043504","219,1260876",25,0,0,1,,
21316516,213165,2016,SecCan,NA,SC02,ISP,4,1,B,400,692,Mimosa acantholoba,"2,9","1,65",1,M,,,,,,,,,"5,46","2,3","4,2","9,5",,,,,,,,,,,,,,,,,,,,,,,,,,,,,,"9,5","9,5","70,88218425","0,1772054606","7,586946258","189,6736565",25,0,0,1,DAP reubicado,
21317216,213172,2016,SecCan,NA,SC02,ISP,4,1,B,400,693,Mimosa acantholoba,"3,45","2,3",1,1,20,2,,,,,,,"6,42","4,9","5,4","14,5","6,1","4,2",,,,,,,,,,,,,,,,,,,,,,,,,,,,"4,2","14,5","208,2090531","0,5205226328","20,7816354","519,5408851",25,0,0,3,,
21331816,213318,2016,SecCan,NA,SC02,ISP,4,2,C,400,700,Mimosa acantholoba,"2,89","6,5",1,M,,,,,,,,,"6,44","1,9","2,3","5,9","5,9",,,,,,,,,,,,,,,,,,,,,,,,,,,,,"5,9","5,9","54,67942014","0,1366985503","3,432189974","85,80474935",25,0,0,2,,
21336316,213363,2016,SecCan,NA,SC02,ISP,4,2,C,400,705,Mimosa acantholoba,"1,3",7,1,M,,,,,,,,,"6,9","1,77","1,15","9,5",,,,,,,,,,,,,,,,,,,,,,,,,,,,,,"9,5","9,5","70,88218425","0,1772054606","1,598677962","39,96694904",25,0,0,1,,
21340016,213400,2016,SecCan,NA,SC02,ISP,4,2,C,400,701,Mimosa acantholoba,"2,98","7,75",1,M,,,,,,,,,"5,79","2,2",2,"7,8",,,,,,,,,,,,,,,,,,,,,,,,,,,,,,"7,8","7,8","47,78362426","0,1194590607","3,455751919","86,39379797",25,0,0,1,,
21344816,213448,2016,SecCan,NA,SC02,ISP,4,3,A,400,710,Mimosa acantholoba,"1,2","10,2",1,M,,,,,,,,,"6,93","3,4","3,3","12,3",,,,,,,,,,,,,,,,,,,,,,,,,,,,,,"12,3","12,3","118,8228881","0,2970572204","8,812167393","220,3041848",25,0,0,1,,
21345516,213455,2016,SecCan,NA,SC02,ISP,4,3,A,400,711,Mimosa acantholoba,"3,5","12,42",1,M,,,,,2011,,,,"6,73","2,9","2,3","6,8",,,,,,,,,,,,,,,,,,,,,,,,,,,,,,"6,8","6,8","36,31681108","0,09079202769","5,23860575","130,9651437",25,0,0,1,,
21347916,213479,2016,SecCan,NA,SC02,ISP,4,3,A,400,712,Mimosa acantholoba,"1,43","14,95",1,M,,,,,,,,,"4,14","2,9","4,3","8,2","5,5","9,2","7,4",,,,,,,,,,,,,,,,,,,,,,,,,,,"5,5","9,2","186,0529709","0,4651324273","9,793915098","244,8478774",25,0,0,4,DAP 1 reubicado,
21484116,214841,2016,SecCan,NA,SC03,SEP,1,1,A,400,182,Mimosa acantholoba,"0,45","2,3",1,M,,,,,,,,,"7,9","4,2","3,8",11,,,,,,,,,,,,,,,,,,,,,,,,,,,,,,11,11,"95,03317777","0,2375829444","12,53495469","313,3738672",25,0,0,1,,
21487216,214872,2016,SecCan,NA,SC03,SEP,1,1,A,400,185,Mimosa acantholoba,"4,13","3,1",1,M,,,,,,,,,"8,73","6,15","7,51",19,,,,,,,,,,,,,,,,,,,,,,,,,,,,,,19,19,"283,528737","0,7088218425","36,27479227","906,8698068",25,0,0,1,,
21498816,214988,2016,SecCan,NA,SC03,SEP,1,2,C,400,216,Mimosa acantholoba,"4,34","6,3",1,M,,,,,,,,,"7,85","4,3","7,1","10,7",,,,,,,,,,,,,,,,,,,,,,,,,,,,,,"10,7","10,7","89,92023573","0,2248005893","23,97820593","599,4551482",25,0,0,1,TAG = X024,
21518316,215183,2016,SecCan,NA,SC03,SEP,1,3,A,400,224,Mimosa acantholoba,"2,34","10,65",1,M,,,,,,,,,"3,56","6,1","1,6","8,8",,,,,,,,,,,,,,,,,,,,,,,,,,,,,,"8,8","8,8","60,82123377","0,1520530844","7,665486075","191,6371519",25,0,0,1,Inclinado,
21519016,215190,2016,SecCan,NA,SC03,SEP,1,3,A,400,279,Mimosa acantholoba,"2,06","11,04",1,M,,,,,2004,,,,"8,2","4,14","2,74","8,3",,,,,,,,,,,,,,,,,,,,,,,,,,,,,,"8,3","8,3","54,10607948","0,1352651987","8,909242606","222,7310652",25,0,0,1,,
21521316,215213,2016,SecCan,NA,SC03,SEP,1,3,A,400,225,Mimosa acantholoba,"1,44","14,4",1,M,,,,,,,,,"4,05","7,3","2,6","11,2",,,,,,,,,,,,,,,,,,,,,,,,,,,,,,"11,2","11,2","98,52034562","0,246300864","14,90685714","372,6714285",25,0,0,1,,
21450616,214506,2016,SecCan,NA,SC03,SEP,2,1,B,400,120,Mimosa acantholoba,"4,45","3,6",1,M,,,,,,,2010,2011,"6,12","4,8",6,"7,8",,,,,,,,,,,,,,,,,,,,,,,,,,,,,,"7,8","7,8","47,78362426","0,1194590607","22,61946711","565,4866776",25,0,0,1,Inclinado,
21454416,214544,2016,SecCan,NA,SC03,SEP,2,2,A,400,129,Mimosa acantholoba,"3,03","5,95",1,M,,,,,,,,,"5,57","4,9","3,4","11,5",,,,,,,,,,,,,,,,,,,,,,,,,,,,,,"11,5","11,5","103,8689071","0,2596722678","13,0847334","327,1183351",25,0,0,1,Inclinado,
21480316,214803,2016,SecCan,NA,SC03,SEP,2,4,A,400,152,Mimosa acantholoba,"3,9","19,7",1,M,,,,,,,,,"8,2","3,1","1,8","9,2",,,,,,,,,,,,,,,,,,,,,,,,,,,,,,"9,2","9,2","66,47610055","0,1661902514","4,382521752","109,5630438",25,0,0,1,DAP 1 2015 es la CD 1 2015,
21361516,213615,2016,SecCan,NA,SC03,SEP,4,1,C,400,12,Mimosa acantholoba,"4,95",2,1,M,,,,,,,,,8,"3,8","2,8","11,7",,,,,,,,,,,,,,,,,,,,,,,,,,,,,,"11,7","11,7","107,5131546","0,2687828865","8,356636459","208,9159115",25,0,0,1,,
21363916,213639,2016,SecCan,NA,SC03,SEP,4,1,C,400,3,Mimosa acantholoba,"4,06","2,5",1,0,,,,,,,,,"7,92","3,16","2,5","15,5",,,,,,,,,,,,,,,,,,,,,,,,,,,,,,"15,5","15,5","188,6919088","0,4717297719","6,204645491","155,1161373",25,0,0,1,,
21372116,213721,2016,SecCan,NA,SC03,SEP,4,1,C,400,21,Mimosa acantholoba,"4,95","4,4",1,0,,,,,,,,,"7,57","2,7","3,34","7,6",,,,,,,,,,,,,,,,,,,,,,,,,,,,,,"7,6","7,6","45,36459792","0,1134114948","7,082720638","177,0680159",25,0,0,1,DAP 1 reubicado,
21390516,213905,2016,SecCan,NA,SC03,SEP,4,3,B,400,49,Mimosa acantholoba,"0,1","11,75",1,M,,,,,,,,,"7,81","7,8","4,1","15,2",,,,,,,,,,,,,,,,,,,,,,,,,,,,,,"15,2","15,2","181,4583917","0,4536459792","25,11703327","627,9258316",25,0,0,1,Corregir DAP 2015 (15.0 cm),
21402516,214025,2016,SecCan,NA,SC03,SEP,4,3,B,400,61,Mimosa acantholoba,"4,1","14,8",1,M,,,,,,,,,5,"3,75","1,87","14,5",,,,,,,,,,,,,,,,,,,,,,,,,,,,,,"14,5","14,5","165,1299639","0,4128249096","5,507604621","137,6901155",25,0,0,1,Copa muerta Se redujo 3 m.,
21407016,214070,2016,SecCan,NA,SC03,SEP,4,4,A,400,75,Mimosa acantholoba,"3,6","18,45",1,M,,,,,,,,,"7,12",3,"3,2","10,1",,,,,,,,,,,,,,,,,,,,,,,,,,,,,,"10,1","10,1","80,11846665","0,2002961666","7,539822369","188,4955592",25,0,0,1,,
21556516,215565,2016,SecCan,NA,SC04,ABE,1,2,C,200,24,Mimosa acantholoba,"4,6","7,7",1,,,,,,,,,,"2,4","3,8","1,4","3,1",,,,,,,,,,,,,,,,,,,,,,,,,,,,,,"3,1","3,1","7,54767635","0,03773838175","4,178318229","208,9159115",50,0,0,1,,
21555816,215558,2016,SecCan,NA,SC04,ABE,1,2,C,400,23,Mimosa acantholoba,"4,4","8,9",1,,,,,,,,,,"5,52",4,"4,1",7,,,,,,,,,,,,,,,,,,,,,,,,,,,,,,7,7,"38,48451001","0,09621127502","12,88052988","322,013247",25,0,0,1,,
21549716,215497,2016,SecCan,NA,SC04,ABE,1,3,B,400,3,Mimosa acantholoba,4,"10,75",1,,,,,,,,,,"4,4","5,7","1,28",6,,,,,,,,,,,,,,,,,,,,,,,,,,,,,,6,6,"28,27433388","0,07068583471","5,730265","143,256625",25,0,0,1,,
21548016,215480,2016,SecCan,NA,SC04,ABE,1,3,B,200,R15,Mimosa acantholoba,"3,2","13,9",1,,,,,,2012,,2015,2016,3,"5,3","3,3","4,9",,,,,,,,,,,,,,,,,,,,,,,,,,,,,,"4,9","4,9","18,8574099","0,09428704952","13,73661388","686,8306939",50,0,0,1,,
21542816,215428,2016,SecCan,NA,SC04,ABE,1,4,A,400,203,Mimosa acantholoba,0,15,1,,,,,,2005,,,,"6,26","6,1","6,1","8,6","8,3","6,3",,,,,,,,,,,,,,,,,,,,,,,,,,,,"6,3","8,6","143,3665807","0,3584164519","29,22466566","730,6166415",25,0,0,3,,
21544216,215442,2016,SecCan,NA,SC04,ABE,1,1,A,400,916,Mimosa acantholoba,"2,67","3,6",1,,,,,,2014,,,,"5,36",4,"2,4","5,5",,,,,,,,,,,,,,,,,,,,,,,,,,,,,,"5,5","5,5","23,75829444","0,05939573611","7,539822369","188,4955592",25,0,0,1,PosY = 3.60,
21582416,215824,2016,SecCan,NA,SC04,ABE,2,1,C,400,52,Mimosa acantholoba,"3,64","1,5",1,,,,,,,,,,"7,15","4,4","3,8","12,5",,,,,,,,,,,,,,,,,,,,,,,,,,,,,,"12,5","12,5","122,718463","0,3067961576","13,13185729","328,2964323",25,0,0,1,,
21573216,215732,2016,SecCan,NA,SC04,ABE,2,4,B,400,R11,Mimosa acantholoba,"2,6","18,05",1,,,,,,,,,,"4,5","6,3","2,9","5,4",,,,,,,,,,,,,,,,,,,,,,,,,,,,,,"5,4","5,4","22,90221044","0,05725552611","14,34922445","358,7306111",25,0,0,1,DAP reubicado. Inclin'andose.,
21574916,215749,2016,SecCan,NA,SC04,ABE,2,4,B,400,39,Mimosa acantholoba,"1,3","18,75",1,,,,,,,,,,"4,11","6,92","2,95","9,5","2,7",,,,,,,,,,,,,,,,,,,,,,,,,,,,,"2,7","9,5","76,60773686","0,1915193421","16,03311811","400,8279527",25,0,0,2,,
21602916,216029,2016,SecCan,NA,SC04,ABE,3,2,A,400,R5,Mimosa acantholoba,"4,1","8,4",1,,,,,,2010,,,,"1,5","2,1",2,"6,7",,,,,,,,,,,,,,,,,,,,,,,,,,,,,,"6,7","6,7","35,25652355","0,08814130889","3,298672286","82,46680716",25,0,0,1,Muy inclinado. Moribundo. PosX = 4.10 PosY = 8.40.,
21604316,216043,2016,SecCan,NA,SC04,ABE,3,1,B,400,92,Mimosa acantholoba,"0,6","4,2",1,,,,,,,,,,3,"2,42","1,24","8,1",,,,,,,,,,,,,,,,,,,,,,,,,,,,,,"8,1","8,1","51,5299735","0,1288249338","2,356822809","58,92057022",25,0,0,1,,
21595416,215954,2016,SecCan,NA,SC04,ABE,3,2,A,400,84,Mimosa acantholoba,"2,93","5,1",1,,,,,,,,,,"2,45","7,4","3,4",12,,,,,,,,,,,,,,,,,,,,,,,,,,,,,,12,12,"113,0973355","0,2827433388","19,76061779","494,0154448",25,0,0,1,,
21601216,216012,2016,SecCan,NA,SC04,ABE,3,2,A,400,R2,Mimosa acantholoba,4,"7,8",1,,,,,,2012,,,,"3,7","4,5","2,2","5,4",,,,,,,,,,,,,,,,,,,,,,,,,,,,,,"5,4","5,4","22,90221044","0,05725552611","7,775441818","194,3860454",25,0,0,1,,
21599216,215992,2016,SecCan,NA,SC04,ABE,3,2,A,400,227,Mimosa acantholoba,1,"8,4",1,,,,,,2007,,,,"2,6","2,6","1,8","8,1",,,,,,,,,,,,,,,,,,,,,,,,,,,,,,"8,1","8,1","51,5299735","0,1288249338","3,675663405","91,89158512",25,0,0,1,Inclinandose,
21611116,216111,2016,SecCan,NA,SC04,ABE,3,3,C,400,73,Mimosa acantholoba,"3,02",12,1,,,,,,,,,,"6,7","3,4","4,4","10,9","9,5",,,,,,,,,,,,,,,,,,,,,,,,,,,,,"9,5","10,9","164,19534","0,4104883501","11,74955652","293,7389131",25,0,0,2,,
21618016,216180,2016,SecCan,NA,SC04,ABE,3,3,C,200,80,Mimosa acantholoba,"1,85","13,64",1,,,,,,,,,,"3,85","3,8","5,7","4,1","2,5","3,4",,,,,,,,,,,,,,,,,,,,,,,,,,,,"2,5","4,1","27,19048442","0,1359524221","17,01172422","850,586211",50,0,0,3,Diametros reubicados,
21598516,215985,2016,SecCan,NA,SC04,ABE,3,4,A,400,223,Mimosa acantholoba,3,"15,4",1,,,,,,2006,,,,"5,1",2,"4,6",9,,,,,,,,,,,,,,,,,,,,,,,,,,,,,,9,9,"63,61725124","0,1590431281","7,225663103","180,6415776",25,0,0,1,,
21592316,215923,2016,SecCan,NA,SC04,ABE,3,4,A,400,67,Mimosa acantholoba,"4,01","17,7",1,,,,,,,,,,"3,47","5,7",4,10,,,,,,,,,,,,,,,,,,,,,,,,,,,,,,10,10,"78,53981634","0,1963495408","17,90707813","447,6769531",25,0,0,1,,
21631916,216319,2016,SecCan,NA,SC04,ABE,4,3,A,400,G99,Mimosa acantholoba,"0,4","11,3",1,,,,,,2009,,,,"3,7","2,2","4,1","5,7",,,,,,,,,,,,,,,,,,,,,,,,,,,,,,"5,7","5,7","25,51758633","0,06379396582","7,084291434","177,1072858",25,0,0,1,DAP 1 reubicado,
21630216,216302,2016,SecCan,NA,SC04,ABE,4,3,A,400,G98,Mimosa acantholoba,"1,1","13,28",1,,,,,,2011,,,,"3,9","5,8","2,7",8,5,,,,,,,,,,,,,,,,,,,,,,,,,,,,,5,8,"69,90043654","0,1747510914","12,29933524","307,483381",25,0,0,2,DAPs reubicados,
21629616,216296,2016,SecCan,NA,SC04,ABE,4,3,A,400,G97,Mimosa acantholoba,"3,36","13,6",1,,,,,,2009,,,,"6,19","5,9","2,32",8,"6,2",,,,,,,,,,,,,,,,,,,,,,,,,,,,,"6,2",8,"80,45618786","0,2011404696","10,75053006","268,7632515",25,0,0,2,DAP 2 reubicado. Copa dividida.,
21628916,216289,2016,SecCan,NA,SC04,ABE,4,3,A,400,197,Mimosa acantholoba,"3,03","13,95",1,,,,,,2004,,,,"6,27","4,74","3,92","10,8",,,,,,,,,,,,,,,,,,,,,,,,,,,,,,"10,8","10,8","91,60884178","0,2290221044","14,59332619","364,8331549",25,0,0,1,,
21653116,216531,2016,SecCan,NA,SC04,ABE,4,4,C,400,98,Mimosa acantholoba,"0,13","16,6",1,,,,,,,,,,"3,65","5,2",6,"13,5",,,,,,,,,,,,,,,,,,,,,,,,,,,,,,"13,5","13,5","143,1388153","0,3578470382","24,5044227","612,6105675",25,0,0,1,,
21649416,216494,2016,SecCan,NA,SC04,ABE,4,4,C,200,94,Mimosa acantholoba,"4,99",18,1,,,,,,,,,,"1,97","5,06","3,13","4,7",,,,,,,,,,,,,,,,,,,,,,,,,,,,,,"4,7","4,7","17,34944543","0,08674722715","12,43897903","621,9489516",50,0,0,1,DAP reubicado. Medir en la marca superior.,
21854216,218542,2016,SecCan,NA,SC06,ISC,4,4,A,ERR,488,Mimosa acantholoba,"0,89","18,62",1,1,74,3,,,2004,,,,,,,,,,,,,,,,,,,,,,,,,,,,,,,,,,,,,0,0,0,E.SAMPLE,0,E.SAMPLE,#VALUE!,#VALUE!,0,0,CUA = 4 PosY = 18.62,
21863416,218634,2016,SecCan,NA,SC06,ISC,4,4,A,ERR,473,Mimosa acantholoba,"2,5","15,4",1,M,,,,,2004,,,,,,,,,,,,,,,,,,,,,,,,,,,,,,,,,,,,,0,0,0,E.SAMPLE,0,E.SAMPLE,#VALUE!,#VALUE!,0,0,,
21866516,218665,2016,SecCan,NA,SC06,ISC,4,2,A,ERR,469,Mimosa acantholoba,"2,94","5,6",1,0,,,Se cayó y está rebrotando,,2004,,,,,,,,,,,,,,,,,,,,,,,,,,,,,,,,,,,,,0,0,0,E.SAMPLE,0,E.SAMPLE,#VALUE!,#VALUE!,0,0,,
21874016,218740,2016,SecCan,NA,SC06,ISC,4,3,C,ERR,471,Mimosa acantholoba,"3,92","12,52",1,M,,,,,2004,,,,,,,,,,,,,,,,,,,,,,,,,,,,,,,,,,,,,0,0,0,E.SAMPLE,0,E.SAMPLE,#VALUE!,#VALUE!,0,0,Nueva medida DAP1,
21875716,218757,2016,SecCan,NA,SC06,ISC,4,3,C,ERR,479,Mimosa acantholoba,"3,95","12,15",1,M,,,,,2004,,,,,,,,,,,,,,,,,,,,,,,,,,,,,,,,,,,,,0,0,0,E.SAMPLE,0,E.SAMPLE,#VALUE!,#VALUE!,0,0,CUA = 3 PosY = 12.15,
21878816,218788,2016,SecCan,NA,SC06,ISC,4,3,C,ERR,475,Mimosa acantholoba,"4,43","10,97",1,M,,,,,2004,,,,,,,,,,,,,,,,,,,,,,,,,,,,,,,,,,,,,0,0,0,E.SAMPLE,0,E.SAMPLE,#VALUE!,#VALUE!,0,0,,
21879516,218795,2016,SecCan,NA,SC06,ISC,4,3,C,ERR,478,Mimosa acantholoba,"4,6","13,92",1,M?,,,,,2004,,,,,,,,,,,,,,,,,,,,,,,,,,,,,,,,,,,,,0,0,0,E.SAMPLE,0,E.SAMPLE,#VALUE!,#VALUE!,0,0,,
21881816,218818,2016,SecCan,NA,SC06,ISC,4,3,C,ERR,483,Mimosa acantholoba,"4,7","10,35",1,1,13,5,,,2004,,,,,,,,,,,,,,,,,,,,,,,,,,,,,,,,,,,,,0,0,0,E.SAMPLE,0,E.SAMPLE,#VALUE!,#VALUE!,0,0,,
21882516,218825,2016,SecCan,NA,SC06,ISC,4,3,C,ERR,477,Mimosa acantholoba,"3,88","10,23",1,M,,,,,2004,,,,,,,,,,,,,,,,,,,,,,,,,,,,,,,,,,,,,0,0,0,E.SAMPLE,0,E.SAMPLE,#VALUE!,#VALUE!,0,0,Tronco abierto. Medida únicamente la porción viva. CUA = 3 PosX = 3.88 PosY = 10.23.,
21885616,218856,2016,SecCan,NA,SC06,ISC,3,2,C,400,522,Mimosa acantholoba,"0,13","9,35",1,0,,,,,2014,,,,"3,3","2,5","5,2","5,9",,,,,,,,,,,,,,,,,,,,,,,,,,,,,,"5,9","5,9","27,33971007","0,06834927517","10,21017612","255,2544031",25,0,0,1,,
21887016,218870,2016,SecCan,NA,SC06,ISC,3,4,A,400,495,Mimosa acantholoba,"0,45","15,15",1,M,,,,,2004,,,,"3,7","4,5","1,2",5,,,,,,,,,,,,,,,,,,,,,,,,,,,,,,5,5,"19,63495408","0,04908738521","4,241150082","106,0287521",25,0,0,1,,
21888716,218887,2016,SecCan,NA,SC06,ISC,3,3,B,400,519,Mimosa acantholoba,"0,48","13,3",1,M,,,,,2004,,,,"3,5","1,6",1,"10,7",,,,,,,,,,,,,,,,,,,,,,,,,,,,,,"10,7","10,7","89,92023573","0,2248005893","1,256637061","31,41592654",25,0,0,1,,
21892416,218924,2016,SecCan,NA,SC06,ISC,3,4,A,400,513,Mimosa acantholoba,"0,59","17,32",1,M,,,,,2004,,,,"5,07","2,3","4,3","5,6","4,3",,,,,,,,,,,,,,,,,,,,,,,,,,,,,"4,3","5,6","39,15209845","0,09788024611","7,767587836","194,1896959",25,0,0,2,,
21894816,218948,2016,SecCan,NA,SC06,ISC,3,1,A,ERR,490,Mimosa acantholoba,"0,8",4,1,M?,,,,,2004,,,,,,,,,,,,,,,,,,,,,,,,,,,,,,,,,,,,,0,0,0,E.SAMPLE,0,E.SAMPLE,#VALUE!,#VALUE!,0,0,No registrado 2016,
21906816,219068,2016,SecCan,NA,SC06,ISC,3,2,C,400,514,Mimosa acantholoba,"1,81","9,51",1,M?,,,,,2004,,,,"3,36","5,5","1,9","6,9",,,,,,,,,,,,,,,,,,,,,,,,,,,,,,"6,9","6,9","37,39280656","0,0934820164","8,207410808","205,1852702",25,0,0,1,,
21911216,219112,2016,SecCan,NA,SC06,ISC,3,2,C,400,518,Mimosa acantholoba,"0,44","5,8",1,M,,,,,2004,,"2010,2015","2013,2016","5,2","3,97","3,3","7,1",,,,,,,,,,,,,,,,,,,,,,,,,,,,,,"7,1","7,1","39,59192142","0,09897980354","10,28950134","257,2375335",25,0,0,1,"Reincluido 2016. No está muerto, pero sí en muy mal estado. CUA = 4 PosX = 0.44.",
21912916,219129,2016,SecCan,NA,SC06,ISC,3,4,A,200,497,Mimosa acantholoba,"2,5","15,15",1,M,,,,,2004,,,,"4,3","4,07","0,62","3,1",,,,,,,,,,,,,,,,,,,,,,,,,,,,,,"3,1","3,1","7,54767635","0,03773838175","1,981873726","99,09368628",50,0,0,1,,
21920416,219204,2016,SecCan,NA,SC06,ISC,3,2,C,200,510,Mimosa acantholoba,"3,45","9,87",1,M,,,,,2004,,,,"4,77","4,5","2,05","4,7","2,7",,,,,,,,,,,,,,,,,,,,,,,,,,,,,"2,7","4,7","23,07499804","0,1153749902","7,245298057","362,2649029",50,0,0,2,,
21939616,219396,2016,SecCan,NA,SC06,ISC,2,1,C,400,538,Mimosa acantholoba,"0,37","0,3",1,M,,,,,2004,,2008,2011,"3,8","4,6","1,7","9,6",,,,,,,,,,,,,,,,,,,,,,,,,,,,,,"9,6","9,6","72,38229474","0,1809557368","6,141813638","153,5453409",25,0,0,1,Tronco abierto. DAP aumentado.,
21944016,219440,2016,SecCan,NA,SC06,ISC,2,1,C,400,547,Mimosa acantholoba,"1,14","1,2",1,M?,,,,,2004,,,,"5,12","4,3",4,"14,1",,,,,,,,,,,,,,,,,,,,,,,,,,,,,,"14,1","14,1","156,1450089","0,3903625222","13,50884841","337,7212103",25,0,0,1,,
21946416,219464,2016,SecCan,NA,SC06,ISC,2,2,A,ERR,532,Mimosa acantholoba,"1,7","7,95",1,M,,,,,2004,,"2013,2016",2014,,,,,,,,,,,,,,,,,,,,,,,,,,,,,,,,,,0,0,0,E.SAMPLE,0,E.SAMPLE,#VALUE!,#VALUE!,0,0,Excluido 2016. Caido. Rebrotes no alcanzan CIDM.,
21954916,219549,2016,SecCan,NA,SC06,ISC,2,1,C,100,529,Mimosa acantholoba,3,"0,8",1,M,,,,,2004,,,,"3,9","3,3","1,4","2,3",,,,,,,,,,,,,,,,,,,,,,,,,,,,,,"2,3","2,3","4,154756284","0,04154756284","3,628539515","362,8539515",100,0,0,1,,
21955616,219556,2016,SecCan,NA,SC06,ISC,2,4,A,400,525,Mimosa acantholoba,"3,05","15,38",1,M,,,,,2011,,,,"5,7","3,3","2,2",6,,,,,,,,,,,,,,,,,,,,,,,,,,,,,,6,6,"28,27433388","0,07068583471","5,701990666","142,5497667",25,0,0,1,,
21956316,219563,2016,SecCan,NA,SC06,ISC,2,4,A,400,552,Mimosa acantholoba,"3,4",16,1,M,,,,,2012,,,,"5,8","4,1","4,4","8,7",,,,,,,,,,,,,,,,,,,,,,,,,,,,,,"8,7","8,7","59,44678699","0,1486169675","14,16858287","354,2145717",25,0,0,1,"Revisar DAP en 2014 (y anteriores), y en censo 2017",
21959416,219594,2016,SecCan,NA,SC06,ISC,2,2,A,400,535,Mimosa acantholoba,"4,14","9,9",1,0,,,,,2004,,2011,2013,"5,2","2,3","4,2","5,8",,,,,,,,,,,,,,,,,,,,,,,,,,,,,,"5,8","5,8","26,42079422","0,06605198554","7,586946258","189,6736565",25,0,0,1,,
21960016,219600,2016,SecCan,NA,SC06,ISC,2,3,B,400,541,Mimosa acantholoba,"4,22","14,75",1,M,,,,,2004,,,,"3,97","2,1","2,2","11,5",,,,,,,,,,,,,,,,,,,,,,,,,,,,,,"11,5","11,5","103,8689071","0,2596722678","3,628539515","90,71348787",25,0,0,1,,
21965516,219655,2016,SecCan,NA,SC06,ISC,2,4,A,400,544,Mimosa acantholoba,"4,5","18,5",1,M,,,,,2004,,,,"4,2","2,6","1,9","15,7",,,,,,,,,,,,,,,,,,,,,,,,,,,,,,"15,7","15,7","193,5927933","0,4839819832","3,879866927","96,99667318",25,0,0,1,,
21976116,219761,2016,SecCan,NA,SC06,ISC,1,3,A,200,572,Mimosa acantholoba,"0,2","10,45",1,NO ENCONTRADO,,,,,2004,,2010,2012,"2,8","3,1","0,9","4,5",,,,,,,,,,,,,,,,,,,,,,,,,,,,,,"4,5","4,5","15,90431281","0,07952156404","2,191260876","109,5630438",50,0,0,1,,
21977816,219778,2016,SecCan,NA,SC06,ISC,1,3,A,400,579,Mimosa acantholoba,"0,25","11,33",1,M,,,,,2011,,,,"6,35","4,2","2,7","9,2",,,,,,,,,,,,,,,,,,,,,,,,,,,,,,"9,2","9,2","66,47610055","0,1661902514","8,906415173","222,6603793",25,0,0,1,,
21980816,219808,2016,SecCan,NA,SC06,ISC,1,1,C,400,593,Mimosa acantholoba,"0,35","0,9",1,M,,,,,2013,,,,"3,24","1,4","1,5","5,2",,,,,,,,,,,,,,,,,,,,,,,,,,,,,,"5,2","5,2","21,23716634","0,05309291585","1,649336143","41,23340358",25,0,0,1,,
21995216,219952,2016,SecCan,NA,SC06,ISC,1,4,A,400,562,Mimosa acantholoba,"1,2","15,9",1,0,,,,,2004,,,,"6,75","4,4","3,07","8,7","5,8","5,5",,,,,,,,,,,,,,,,,,,,,,,,,,,,"5,5","8,7","109,6258756","0,2740646891","10,60915839","265,2289598",25,0,0,3,,
22003316,220033,2016,SecCan,NA,SC06,ISC,1,2,B,400,582,Mimosa acantholoba,"1,98","6,4",1,M,,,,,2012,,,,"5,9","5,5","2,8","9,1","5,2",,,,,,,,,,,,,,,,,,,,,,,,,,,,,"5,2","9,1","86,27598825","0,2156899706","12,09513172","302,3782929",25,0,0,2,,
22015616,220156,2016,SecCan,NA,SC06,ISC,1,1,C,400,592,Mimosa acantholoba,"3,05","4,25",1,M,,,,,2004,,,,"4,25","1,5","1,1","8,8",,,,,,,,,,,,,,,,,,,,,,,,,,,,,,"8,8","8,8","60,82123377","0,1520530844","1,29590697","32,39767424",25,0,0,1,,
22022416,220224,2016,SecCan,NA,SC06,ISC,1,4,A,400,554,Mimosa acantholoba,"3,79","16,05",1,M,,,,,2004,,,,"7,15","3,4","2,2",15,,,,,,,,,,,,,,,,,,,,,,,,,,,,,,15,15,"176,7145868","0,4417864669","5,874778262","146,8694566",25,0,0,1,,
22023116,220231,2016,SecCan,NA,SC06,ISC,1,3,A,400,588,Mimosa acantholoba,"3,8","10,24",1,0,,,,,2004,,,,"6,33","2,9",3,"5,7",,,,,,,,,,,,,,,,,,,,,,,,,,,,,,"5,7","5,7","25,51758633","0,06379396582","6,832964022","170,8241005",25,0,0,1,,
22028616,220286,2016,SecCan,NA,SC06,ISC,1,1,C,400,587,Mimosa acantholoba,"4,7","0,5",1,M,,,,,2004,,,,"7,52","3,7",5,"7,3",,,,,,,,,,,,,,,,,,,,,,,,,,,,,,"7,3","7,3","41,85386813","0,1046346703","14,52986602","363,2466506",25,0,0,1,,
22041516,220415,2016,SecCan,NA,SC08,TOA,1,1,A,400,240,Mimosa acantholoba,"4,1","0,3",1,M,,,,,2012,,,,"5,1","3,2",3,"5,7","5,9","7,5",,,,,,,,,,,,,,,,,,,,,,,,,,,,"5,7","7,5","97,03594309","0,2425898577","7,539822369","188,4955592",25,0,0,3,,
22058316,220583,2016,SecCan,NA,SC08,TOA,1,1,A,400,238,Mimosa acantholoba,"0,9","1,52",1,1,41,2,,,2012,,,,"5,65","4,2","5,1","6,9","7,6",,,,,,,,,,,,,,,,,,,,,,,,,,,,,"6,9","7,6","82,75740448","0,2068935112","16,82322866","420,5807165",25,0,0,2,,
22039216,220392,2016,SecCan,NA,SC08,TOA,1,2,A,400,235,Mimosa acantholoba,"4,37","6,63",1,1,18,5,,,2012,,,,"4,9",3,"3,6","5,3","6,8",,,,,,,,,,,,,,,,,,,,,,,,,,,,,"5,3","6,8","58,37864549","0,1459466137","8,482300165","212,0575041",25,0,0,2,Revisar DAP 2 2015 (prob. 6.8 cm),
22043916,220439,2016,SecCan,NA,SC08,TOA,1,2,A,400,236,Mimosa acantholoba,"3,89","6,79",1,1,15,3,,,2013,,,,"3,97",4,"2,9","5,1",,,,,,,,,,,,,,,,,,,,,,,,,,,,,,"5,1","5,1","20,42820623","0,05107051557","9,110618695","227,7654674",25,0,0,1,Revisar DAP 1 2015,
22052116,220521,2016,SecCan,NA,SC08,TOA,1,3,B,400,231,Mimosa acantholoba,"1,35","10,9",1,1,50,4,,,2009,,,,"5,46","3,8","4,8","6,4","4,4",,,,,,,,,,,,,,,,,,,,,,,,,,,,,"4,4","6,4","47,37521722","0,118438043","14,3256625","358,1415625",25,0,0,2,,
22047716,220477,2016,SecCan,NA,SC08,TOA,1,3,B,400,232,Mimosa acantholoba,"3,54","10,96",1,0,,,,,2009,,,,"5,99","4,8","6,1","5,1","4,2","3,8","3,9","4,7","4,5",9,"8,6",,,,,,,,,,,,,,,,,,,,,,,"3,8",9,"212,528743","0,5313218575","22,99645822","574,9114556",25,0,0,8,,
22054516,220545,2016,SecCan,NA,SC08,TOA,1,3,B,200,229,Mimosa acantholoba,"1,3","13,2",1,M,,,,,2013,,,,"1,9","0,9","0,4","3,1",,,,,,,,,,,,,,,,,,,,,,,,,,,,,,"3,1","3,1","7,54767635","0,03773838175","0,2827433388","14,13716694",50,0,0,1,,
22046016,220460,2016,SecCan,NA,SC08,TOA,1,3,B,400,228,Mimosa acantholoba,"3,6","14,2",1,0,,,,,2009,,,,"6,3","3,4","4,9","7,8","3,9",,,,,,,,,,,,,,,,,,,,,,,,,,,,,"3,9","7,8","59,72953033","0,1493238258","13,0847334","327,1183351",25,0,0,2,,
22057616,220576,2016,SecCan,NA,SC08,TOA,1,3,B,200,227,Mimosa acantholoba,1,"14,4",1,1,44,3,,,2013,,,,"4,2","3,7","2,7","3,5",4,,,,,,,,,,,,,,,,,,,,,,,,,,,,,"3,5",4,"22,18749812","0,1109374906","7,846127652","392,3063826",50,0,0,2,,
22051416,220514,2016,SecCan,NA,SC08,TOA,1,4,C,400,222,Mimosa acantholoba,"2,45","15,65",1,0,,,,,2006,,,,"6,5","3,55","5,2","9,3","7,2","6,6",,,,,,,,,,,,,,,,,,,,,,,,,,,,"6,6","9,3","142,8560719","0,3571401799","14,4984501","362,4612524",25,0,0,3,,
22089716,220897,2016,SecCan,NA,SC08,TOA,2,1,A,400,265,Mimosa acantholoba,"2,4","1,6",1,M?,,,,,2011,,,,"3,9","2,7","3,38","5,9",,,,,,,,,,,,,,,,,,,,,,,,,,,,,,"5,9","5,9","27,33971007","0,06834927517","7,167543639","179,188591",25,0,0,1,,
22080416,220804,2016,SecCan,NA,SC08,TOA,2,1,A,400,263,Mimosa acantholoba,"3,4","4,7",1,0,,,,,2012,,,,"4,65","2,7","3,7","5,9",,,,,,,,,,,,,,,,,,,,,,,,,,,,,,"5,9","5,9","27,33971007","0,06834927517","7,846127652","196,1531913",25,0,0,1,,
22098916,220989,2016,SecCan,NA,SC08,TOA,2,2,C,400,261,Mimosa acantholoba,"0,5","7,3",1,M,,,,,2009,,,,4,"2,74","1,7","7,1",,,,,,,,,,,,,,,,,,,,,,,,,,,,,,"7,1","7,1","39,59192142","0,09897980354","3,658384645","91,45961613",25,0,0,1,,
22094116,220941,2016,SecCan,NA,SC08,TOA,2,2,C,200,257,Mimosa acantholoba,"1,6","8,5",1,M,,,Tenía la etiqueta G27 y así está registrado en la base que llevaba Jorge,,2009,,,,"4,45","2,3","2,5","2,4","3,6","3,9",,,,,,,,,,,,,,,,,,,,,,,,,,,,"2,4","3,9","26,64855968","0,1332427984","4,51603944","225,801972",50,0,0,3,TAG = G57,
22064416,220644,2016,SecCan,NA,SC08,TOA,2,2,C,400,260,Mimosa acantholoba,"4,73","8,7",1,1,9,3,,,2006,,,,"4,75","3,1","2,5","2,8","3,3",6,"2,9",,,,,,,,,,,,,,,,,,,,,,,,,,,"2,8",6,"49,59004004","0,1239751001","6,086835766","152,1708942",25,0,0,4,,
22099616,220996,2016,SecCan,NA,SC08,TOA,2,2,C,200,256,Mimosa acantholoba,"0,6","9,6",1,M,,,,,2009,,,,"3,45","1,5","0,6","2,5","3,1",,,,,,,,,,,,,,,,,,,,,,,,,,,,,"2,5","3,1","12,45641487","0,06228207436","0,7068583471","35,34291735",50,0,0,2,,
22097216,220972,2016,SecCan,NA,SC08,TOA,2,3,A,400,255,Mimosa acantholoba,"1,2","10,9",1,M,,,,,2011,,,,"4,13","2,5","2,8","6,4",,,,,,,,,,,,,,,,,,,,,,,,,,,,,,"6,4","6,4","32,16990877","0,08042477193","5,497787144","137,4446786",25,0,0,1,,
22063716,220637,2016,SecCan,NA,SC08,TOA,2,3,A,400,253,Mimosa acantholoba,"4,1","11,88",1,1,122,4,,,2013,,,,"5,15","3,9",3,"5,6","5,4",,,,,,,,,,,,,,,,,,,,,,,,,,,,,"5,4","5,6","47,53229685","0,1188307421","9,189158512","229,7289628",25,0,0,2,,
22071216,220712,2016,SecCan,NA,SC08,TOA,2,4,B,400,249,Mimosa acantholoba,1,"17,3",1,0,,,,,2011,,,,"6,26","3,3","2,4","7,7","6,6",,,,,,,,,,,,,,,,,,,,,,,,,,,,,"6,6","7,7","80,77820111","0,2019455028","6,220353454","155,5088364",25,0,0,2,Revisar DAP2 2015,
22134416,221344,2016,SecCan,NA,SC08,TOA,3,1,B,200,310,Mimosa acantholoba,"1,5","0,48",1,0,,,,,2012,,,,"3,42","2,47","1,28","3,2",,,,,,,,,,,,,,,,,,,,,,,,,,,,,,"3,2","3,2","8,042477193","0,04021238597","2,483114833","124,1557417",50,0,0,1,,
22102316,221023,2016,SecCan,NA,SC08,TOA,3,1,B,400,302,Mimosa acantholoba,"4,99","4,9",1,1,54,2,,,2012,,,,"4,65","1,9","2,1","3,2","5,8","6,1",,,,,,,,,,,,,,,,,,,,,,,,,,,,"3,2","6,1","63,68793707","0,1592198427","3,133738672","78,3434668",25,0,0,3,,
22117716,221177,2016,SecCan,NA,SC08,TOA,3,2,A,400,301,Mimosa acantholoba,"3,03","6,13",1,1,36,5,,,2012,,,,"4,68","2,1",3,"6,4",,,,,,,,,,,,,,,,,,,,,,,,,,,,,,"6,4","6,4","32,16990877","0,08042477193","4,948008429","123,7002107",25,0,0,1,,
22123816,221238,2016,SecCan,NA,SC08,TOA,3,2,A,400,300,Mimosa acantholoba,"2,64","7,01",1,M,,,,,2013,,,,"3,79","1,5","2,5","5,3",,,,,,,,,,,,,,,,,,,,,,,,,,,,,,"5,3","5,3","22,06183441","0,05515458602","2,945243113","73,63107782",25,0,0,1,,
22147416,221474,2016,SecCan,NA,SC08,TOA,3,3,A,400,298,Mimosa acantholoba,"0,12","11,2",1,1,62,6,,,2012,,,,"4,55","4,4","3,8",7,"6,6","5,4",,,,,,,,,,,,,,,,,,,,,,,,,,,,"5,4",7,"95,59866445","0,2389966611","13,13185729","328,2964323",25,0,0,3,,
22104716,221047,2016,SecCan,NA,SC08,TOA,3,3,A,400,296,Mimosa acantholoba,"4,66","13,6",1,1,13,3,,,2013,,,,5,"2,4","2,3","5,7",,,,,,,,,,,,,,,,,,,,,,,,,,,,,,"5,7","5,7","25,51758633","0,06379396582","4,335397862","108,3849465",25,0,0,1,,
22140516,221405,2016,SecCan,NA,SC08,TOA,3,4,C,400,280,Mimosa acantholoba,"0,8","16,7",1,0,,,,,2009,,,,"4,4",2,"1,7",5,,,,,,,,,,,,,,,,,,,,,,,,,,,,,,5,5,"19,63495408","0,04908738521","2,670353756","66,75884389",25,0,0,1,Quitar punto decimal DAP 2 2015,
22116016,221160,2016,SecCan,NA,SC08,TOA,3,4,C,400,285,Mimosa acantholoba,"3,25","17,42",1,1,46,4,,,2009,,,,"4,87","3,5","2,8","7,1",,,,,,,,,,,,,,,,,,,,,,,,,,,,,,"7,1","7,1","39,59192142","0,09897980354","7,696902001","192,42255",25,0,0,1,,
22127616,221276,2016,SecCan,NA,SC08,TOA,3,4,C,400,270,Mimosa acantholoba,"2,45","18,83",1,1,7,5,,,2006,,,,"5,25","2,5","3,4","7,7",,,,,,,,,,,,,,,,,,,,,,,,,,,,,,"7,7","7,7","46,56625711","0,1164156428","6,675884389","166,8971097",25,0,0,1,,
22108516,221085,2016,SecCan,NA,SC08,TOA,3,4,C,200,274,Mimosa acantholoba,"3,7","19,4",1,0,,,,,2009,,,,3,"1,65",1,"2,8",,,,,,,,,,,,,,,,,,,,,,,,,,,,,,"2,8","2,8","6,157521601","0,03078760801","1,29590697","64,79534848",50,0,0,1,,
22172616,221726,2016,SecCan,NA,SC08,TOA,4,1,C,200,335,Mimosa acantholoba,"1,8","0,15",1,0,,,,,2005,,,,"5,2",2,"1,8","3,3","2,9","4,1","4,2",,,,,,,,,,,,,,,,,,,,,,,,,,,"2,9","4,2","42,21515128","0,2110757564","2,827433388","141,3716694",50,0,0,4,,
22171916,221719,2016,SecCan,NA,SC08,TOA,4,1,C,200,334,Mimosa acantholoba,"1,8","0,55",1,M,,,,,2006,,,,"3,1","0,4","0,5","2,5","1,9","2,1",,,,,,,,,,,,,,,,,,,,,,,,,,,,"1,9","2,5","11,20763179","0,05603815896","0,1570796327","7,853981634",50,0,0,3,,
23417716,234177,2016,SecCan,NA,SC08,TOA,4,1,C,100,T058,Mimosa acantholoba,"1,1","2,2",1,0,,,,,2015,,,,"2,5","1,1","1,8","1,3",,,,,,,,,,,,,,,,,,,,,,,,,,,,,,"1,3","1,3","1,327322896","0,01327322896","1,555088364","155,5088364",100,0,0,1,,
22153516,221535,2016,SecCan,NA,SC08,TOA,4,1,C,200,326,Mimosa acantholoba,"4,5","2,6",1,0,,,,,2010,,,,"2,83","1,4",1,"2,5",,,,,,,,,,,,,,,,,,,,,,,,,,,,,,"2,5","2,5","4,908738521","0,02454369261","1,099557429","54,97787144",50,0,0,1,,
22164116,221641,2016,SecCan,NA,SC08,TOA,4,1,C,200,323,Mimosa acantholoba,"2,8",4,1,M,,,,,2008,,,,"4,64","0,7","0,5","4,2",,,,,,,,,,,,,,,,,,,,,,,,,,,,,,"4,2","4,2","13,8544236","0,06927211801","0,2748893572","13,74446786",50,0,0,1,,
22168916,221689,2016,SecCan,NA,SC08,TOA,4,2,B,200,318,Mimosa acantholoba,2,8,1,M,,,,,2014,,,,"3,65","0,85","0,7","2,5",,,,,,,,,,,,,,,,,,,,,,,,,,,,,,"2,5","2,5","4,908738521","0,02454369261","0,4673119072","23,36559536",50,0,0,1,,
22176416,221764,2016,SecCan,NA,SC08,TOA,4,2,B,400,314,Mimosa acantholoba,"1,5","9,6",1,0,,,,,2011,,,,"4,65","4,1","2,7","6,8","5,1","5,5","2,6",,,,,,,,,,,,,,,,,,,,,,,,,,,"2,6","6,8","85,81260333","0,2145315083","8,694357669","217,3589417",25,0,0,4,,
22154216,221542,2016,SecCan,NA,SC08,TOA,4,3,A,400,316,Mimosa acantholoba,"4,47",10,1,0,,,,,2012,,,,"5,4",2,"1,7","5,9",,,,,,,,,,,,,,,,,,,,,,,,,,,,,,"5,9","5,9","27,33971007","0,06834927517","2,670353756","66,75884389",25,0,0,1,,
22167216,221672,2016,SecCan,NA,SC08,TOA,4,4,A,400,312,Mimosa acantholoba,"2,2","15,7",1,1,30,4,,,2011,,,,"5,94","3,9","5,5","7,5","6,3","5,4",,,,,,,,,,,,,,,,,,,,,,,,,,,,"5,4","7,5","98,25331024","0,2456332756","16,8467906","421,1697651",25,0,0,3,Revisar altura 2015 (muy baja),
22347816,223478,2016,SecCan,NA,SC09,MAL,2,2,A,400,162,Mimosa acantholoba,"0,67","6,8",1,0,,,,,,,2010,2012,"4,72","6,8","3,2","15,6",,,,,,,,,,,,,,,,,,,,,,,,,,,,,,"15,6","15,6","191,134497","0,4778362426","17,09026404","427,2566009",25,0,0,1,,
22311916,223119,2016,SecCan,NA,SC09,MAL,2,4,C,400,131,Mimosa acantholoba,"4,82","19,58",1,M,,,,,,,,,"5,4","1,8","4,8","10,1",,,,,,,,,,,,,,,,,,,,,,,,,,,,,,"10,1","10,1","80,11846665","0,2002961666","6,785840132","169,6460033",25,0,0,1,,
22310216,223102,2016,SecCan,NA,SC09,MAL,2,4,C,400,133,Mimosa acantholoba,"2,28","19,75",1,M,,,,,,,,,"7,3","1,6","4,2","18,1",,,,,,,,,,,,,,,,,,,,,,,,,,,,,,"18,1","18,1","257,3042923","0,6432607308","5,277875658","131,9468915",25,0,0,1,,
22271616,222716,2016,SecCan,NA,SC09,MAL,3,3,B,400,M125,Mimosa acantholoba,"0,3","13,12",1,0,,,,,2012,,,,"4,6","2,8","2,9","5,2",,,,,,,,,,,,,,,,,,,,,,,,,,,,,,"5,2","5,2","21,23716634","0,05309291585","6,377433087","159,4358272",25,0,0,1,Revisar DAP 2015 (5.2 cm),
22261716,222617,2016,SecCan,NA,SC09,MAL,3,4,A,400,82,Mimosa acantholoba,"1,23","15,91",1,M,,,,,,,,,"5,47","4,5",2,"10,1",,,,,,,,,,,,,,,,,,,,,,,,,,,,,,"10,1","10,1","80,11846665","0,2002961666","7,068583471","176,7145868",25,0,0,1,,
22217416,222174,2016,SecCan,NA,SC09,MAL,4,2,B,400,43,Mimosa acantholoba,"2,44","9,72",1,1,7,6,,,,,,,"5,94","5,08","2,9",11,,,,,,,,,,,,,,,,,,,,,,,,,,,,,,11,11,"95,03317777","0,2375829444","11,57048574","289,2621436",25,0,0,1,,
22203716,222037,2016,SecCan,NA,SC09,MAL,4,4,C,400,22,Mimosa acantholoba,2,"16,9",1,0,,,,,,,,,"5,4","3,57","2,36","15,9",,,,,,,,,,,,,,,,,,,,,,,,,,,,,,"15,9","15,9","198,5565097","0,4963912742","6,617136606","165,4284152",25,0,0,1,,
22455016,224550,2016,SecCan,NA,SC10,HIL,1,2,B,400,F25,Mimosa acantholoba,"4,05","6,8",1,0,,,,,2014,,,,"5,18","3,4","2,8",6,"3,8",,,,,,,,,,,,,,,,,,,,,,,,,,,,,"3,8",6,"39,61548336","0,0990387084","7,476990516","186,9247629",25,0,0,2,CUA = 2 PosX = 4.05 PosY = 6.8,
22450516,224505,2016,SecCan,NA,SC10,HIL,1,2,B,200,R152,Mimosa acantholoba,"2,9","6,14",1,0,,,,,2012,,,,"4,25","2,1","2,2","3,9",,,,,,,,,,,,,,,,,,,,,,,,,,,,,,"3,9","3,9","11,94590607","0,05972953033","3,628539515","181,4269757",50,0,0,1,,
22442016,224420,2016,SecCan,NA,SC10,HIL,1,3,C,200,3,Mimosa acantholoba,"1,76","10,78",1,0,,,,,2011,,,,"3,3","1,15","1,4","2,6",,,,,,,,,,,,,,,,,,,,,,,,,,,,,,"2,6","2,6","5,309291585","0,02654645792","1,264491043","63,22455215",50,0,0,1,Revisar altura 2015 (muy alto),
22438316,224383,2016,SecCan,NA,SC10,HIL,1,3,C,200,6,Mimosa acantholoba,"0,02","11,64",1,1,5,5,,,2007,,,,"4,56","3,32","2,26","4,2","2,2","2,1","1,9",,,,,,,,,,,,,,,,,,,,,,,,,,,"1,9","4,2","23,95464398","0,1197732199","5,8929995","294,649975",50,0,0,4,,
22436916,224369,2016,SecCan,NA,SC10,HIL,1,3,C,100,E93,Mimosa acantholoba,"0,4","12,2",1,0,,,,,2008,,,,"3,15","1,1","0,8","2,2",,,,,,,,,,,,,,,,,,,,,,,,,,,,,,"2,2","2,2","3,801327111","0,03801327111","0,6911503838","69,11503838",100,0,0,1,,
22429116,224291,2016,SecCan,NA,SC10,HIL,1,3,C,100,J244,Mimosa acantholoba,"3,5","13,21",1,M,,,,,2013,,,,"2,9","1,8",1,"1,7",,,,,,,,,,,,,,,,,,,,,,,,,,,,,,"1,7","1,7","2,269800692","0,02269800692","1,413716694","141,3716694",100,0,0,1,,
22426016,224260,2016,SecCan,NA,SC10,HIL,1,3,C,100,R153,Mimosa acantholoba,"4,4","13,5",1,0,,,,,2012,,,,"2,9","1,3","0,97","1,9",,,,,,,,,,,,,,,,,,,,,,,,,,,,,,"1,9","1,9","2,83528737","0,0283528737","0,990387084","99,0387084",100,0,0,1,,
22423916,224239,2016,SecCan,NA,SC10,HIL,1,3,C,100,R155,Mimosa acantholoba,"1,48","14,11",1,0,,,,,2012,,,,"2,6","2,1","1,1","1,8",,,,,,,,,,,,,,,,,,,,,,,,,,,,,,"1,8","1,8","2,544690049","0,02544690049","1,814269757","181,4269757",100,0,0,1,,
22461116,224611,2016,SecCan,NA,SC10,HIL,2,2,A,400,J239,Mimosa acantholoba,"0,69","5,9",1,0,,,,,2013,,,,"4,93","1,9",3,"5,9",,,,,,,,,,,,,,,,,,,,,,,,,,,,,,"5,9","5,9","27,33971007","0,06834927517","4,476769531","111,9192383",25,0,0,1,,
22458116,224581,2016,SecCan,NA,SC10,HIL,2,4,B,200,U5,Mimosa acantholoba,"2,7",16,1,0,,,,,2010,,,,"3,15","2,4","1,3","3,3",,,,,,,,,,,,,,,,,,,,,,,,,,,,,,"3,3","3,3","8,552985999","0,04276493","2,45044227","122,5221135",50,0,0,1,,
22457416,224574,2016,SecCan,NA,SC10,HIL,2,4,B,200,J241,Mimosa acantholoba,3,"17,96",1,0,,,,,2013,,,,4,"2,5","2,42","3,5",,,,,,,,,,,,,,,,,,,,,,,,,,,,,,"3,5","3,5","9,621127502","0,04810563751","4,751658889","237,5829444",50,0,0,1,,
22492516,224925,2016,SecCan,NA,SC10,HIL,3,4,C,100,R157,Mimosa acantholoba,"1,78",15,1,Excluído,,,,,2012,,,,"2,5","1,67","1,4","1,9",,,,,,,,,,,,,,,,,,,,,,,,,,,,,,"1,9","1,9","2,83528737","0,0283528737","1,836260906","183,6260906",100,0,0,1,,
22547216,225472,2016,SecCan,NA,SC12,FID,1,1,B,400,122,Mimosa acantholoba,2,"2,6",1,M,,,,,2007,,,,"5,8","4,84","0,8","6,5",,,,,,,,,,,,,,,,,,,,,,,,,,,,,,"6,5","6,5","33,1830724","0,08295768101","3,041061689","76,02654222",25,0,0,1,,
22546516,225465,2016,SecCan,NA,SC12,FID,1,1,B,400,121,Mimosa acantholoba,"4,48","2,83",1,0,,,,,2008,,,,"6,52","1,95","2,58","6,5",,,,,,,,,,,,,,,,,,,,,,,,,,,,,,"6,5","6,5","33,1830724","0,08295768101","3,95133816","98,783454",25,0,0,1,,
22543416,225434,2016,SecCan,NA,SC12,FID,1,1,B,200,120,Mimosa acantholoba,"0,5","4,05",1,M,,,,,2005,,,,"4,75","1,6","1,5","4,2",,,,,,,,,,,,,,,,,,,,,,,,,,,,,,"4,2","4,2","13,8544236","0,06927211801","1,884955592","94,24777961",50,0,0,1,,
22542716,225427,2016,SecCan,NA,SC12,FID,1,1,B,200,119,Mimosa acantholoba,"4,81","4,16",1,M,,,,,2008,,,,"3,78","1,7","1,1","2,9",,,,,,,,,,,,,,,,,,,,,,,,,,,,,,"2,9","2,9","6,605198554","0,03302599277","1,468694566","73,43472828",50,0,0,1,,
22539716,225397,2016,SecCan,NA,SC12,FID,1,1,B,400,116,Mimosa acantholoba,"0,34","4,65",1,0,,,,,2006,,,,"6,75","1,41","1,9","4,1",5,,,,,,,,,,,,,,,,,,,,,,,,,,,,,"4,1",5,"32,83749721","0,08209374303","2,10408168","52,60204199",25,0,0,2,,
22538016,225380,2016,SecCan,NA,SC12,FID,1,2,A,400,115,Mimosa acantholoba,"0,42","8,1",1,M,,,,,2008,,,,"5,23","1,2","1,7","5,8",,,,,,,,,,,,,,,,,,,,,,,,,,,,,,"5,8","5,8","26,42079422","0,06605198554","1,602212253","40,05530633",25,0,0,1,,
22534216,225342,2016,SecCan,NA,SC12,FID,1,3,C,400,114,Mimosa acantholoba,"2,03","10,08",1,M,,,,,,,,,"7,36","4,8","5,38","8,8","3,2","4,6","8,5",,,,,,,,,,,,,,,,,,,,,,,,,,,"3,2","8,8","142,2277534","0,3555693835","20,28212217","507,0530543",25,0,0,4,,
22519916,225199,2016,SecCan,NA,SC12,FID,1,4,A,400,106,Mimosa acantholoba,"3,24","15,88",1,M,,,,,,,,,"6,46","3,8","3,5","7,4","5,3","5,4",,,,,,,,,,,,,,,,,,,,,,,,,,,,"5,3","7,4","87,97244828","0,2199311207","10,44579557","261,1448893",25,0,0,3,Revisar DAP3 2015 (muy bajo),
22518216,225182,2016,SecCan,NA,SC12,FID,1,4,A,400,105,Mimosa acantholoba,"1,2","16,1",1,M,,,,,2004,,,,"7,1","3,7","1,5",6,,,,,,,,,,,,,,,,,,,,,,,,,,,,,,6,6,"28,27433388","0,07068583471","4,358959807","108,9739952",25,0,0,1,,
22517516,225175,2016,SecCan,NA,SC12,FID,1,4,A,400,104,Mimosa acantholoba,"1,16","16,3",1,M,,,,,2009,,,,"7,25","4,43","4,02","9,9",,,,,,,,,,,,,,,,,,,,,,,,,,,,,,"9,9","9,9","76,97687399","0,192442185","13,98684173","349,6710433",25,0,0,1,Revisar DAP1 2015 (prob. 9.8 cm),
22516816,225168,2016,SecCan,NA,SC12,FID,1,4,A,400,103,Mimosa acantholoba,"3,4","17,8",1,M,,,,,2013,,,,"6,15","2,5",2,"5,4",,,,,,,,,,,,,,,,,,,,,,,,,,,,,,"5,4","5,4","22,90221044","0,05725552611","3,926990817","98,17477042",25,0,0,1,,
22513716,225137,2016,SecCan,NA,SC12,FID,1,4,A,400,100,Mimosa acantholoba,"4,99","19,38",1,0,,,,,2005,,,,"6,82","4,3","3,1","10,2","7,8",,,,,,,,,,,,,,,,,,,,,,,,,,,,,"7,8","10,2","129,4964492","0,323741123","10,46935752","261,733938",25,0,0,2,,
22592216,225922,2016,SecCan,NA,SC12,FID,2,2,C,400,152,Mimosa acantholoba,"0,3","5,01",1,M,,,,,,,,,"6,56",5,"3,9","14,6","10,1",,,,,,,,,,,,,,,,,,,,,,,,,,,,,"10,1","14,6","247,5339392","0,6188348479","15,31526419","382,8816047",25,0,0,2,,
22588516,225885,2016,SecCan,NA,SC12,FID,2,2,C,400,150,Mimosa acantholoba,"4,9","6,45",1,M,,,,,,,,,"6,78","1,8","1,3",7,,,,,,,,,,,,,,,,,,,,,,,,,,,,,,7,7,"38,48451001","0,09621127502","1,837831702","45,94579256",25,0,0,1,,
22584716,225847,2016,SecCan,NA,SC12,FID,2,2,C,400,147,Mimosa acantholoba,"4,98","6,9",1,M,,,,,,,,,"6,1",3,"3,2",6,,,,,,,,,,,,,,,,,,,,,,,,,,,,,,6,6,"28,27433388","0,07068583471","7,539822369","188,4955592",25,0,0,1,,
22570016,225700,2016,SecCan,NA,SC12,FID,2,2,C,400,138,Mimosa acantholoba,"4,61","9,7",1,M,,,,,2012,,,,"6,41","3,1","3,24","8,1",,,,,,,,,,,,,,,,,,,,,,,,,,,,,,"8,1","8,1","51,5299735","0,1288249338","7,888539153","197,2134788",25,0,0,1,,
22559516,225595,2016,SecCan,NA,SC12,FID,2,4,B,400,129,Mimosa acantholoba,"2,4","18,2",1,M,,,,,,,,,"3,15","1,1","1,2","7,6",,,,,,,,,,,,,,,,,,,,,,,,,,,,,,"7,6","7,6","45,36459792","0,1134114948","1,036725576","25,91813939",25,0,0,1,,
22637016,226370,2016,SecCan,NA,SC12,FID,3,2,B,400,186,Mimosa acantholoba,"2,33","6,05",1,M,,,,,,,,,"7,24","4,02","4,14","6,5","9,5",,,,,,,,,,,,,,,,,,,,,,,,,,,,,"6,5","9,5","104,0652567","0,2601631416","13,07122455","326,7806138",25,0,0,2,,
22635616,226356,2016,SecCan,NA,SC12,FID,3,2,B,400,183,Mimosa acantholoba,"4,8","6,9",1,M,,,,,,,,,"5,95","3,63","2,2","8,5",,,,,,,,,,,,,,,,,,,,,,,,,,,,,,"8,5","8,5","56,74501731","0,1418625433","6,272189733","156,8047433",25,0,0,1,,
22630116,226301,2016,SecCan,NA,SC12,FID,3,2,B,200,180,Mimosa acantholoba,"4,5",8,1,0,,,,,,,,,"6,5",4,"2,77","2,8",,,,,,,,,,,,,,,,,,,,,,,,,,,,,,"2,8","2,8","6,157521601","0,03078760801","8,70221165","435,1105825",50,0,0,1,,
22626416,226264,2016,SecCan,NA,SC12,FID,3,2,B,400,177,Mimosa acantholoba,"0,74","8,8",1,M,,,,,,,,,"6,66","2,6","1,5","10,2",,,,,,,,,,,,,,,,,,,,,,,,,,,,,,"10,2","10,2","81,71282492","0,2042820623","3,063052837","76,57632093",25,0,0,1,,
22618916,226189,2016,SecCan,NA,SC12,FID,3,3,A,400,173,Mimosa acantholoba,"3,87","12,2",1,1,5,4,,,2006,,,,"5,1","2,5","2,8","8,3",,,,,,,,,,,,,,,,,,,,,,,,,,,,,,"8,3","8,3","54,10607948","0,1352651987","5,497787144","137,4446786",25,0,0,1,,
22616516,226165,2016,SecCan,NA,SC12,FID,3,3,A,400,170,Mimosa acantholoba,"1,5","14,1",1,M,,,,,2005,,,,6,"3,4","3,6","5,7","5,5",,,,,,,,,,,,,,,,,,,,,,,,,,,,,"5,5","5,7","49,27588077","0,1231897019","9,61327352","240,331838",25,0,0,2,,
22614116,226141,2016,SecCan,NA,SC12,FID,3,4,C,400,166,Mimosa acantholoba,3,"15,1",1,M,,,,,,,,,"4,4","1,11","1,86","6,5",,,,,,,,,,,,,,,,,,,,,,,,,,,,,,"6,5","6,5","33,1830724","0,08295768101","1,621533048","40,5383262",25,0,0,1,,
22601116,226011,2016,SecCan,NA,SC12,FID,3,4,C,400,158,Mimosa acantholoba,1,"18,2",1,M,,,,,,,,,"5,86","3,1","3,2","9,9","9,1",,,,,,,,,,,,,,,,,,,,,,,,,,,,,"9,1","9,9","142,0156959","0,3550392398","7,791149781","194,7787445",25,0,0,2,,
22720916,227209,2016,SecCan,NA,SC12,FID,4,1,A,400,218,Mimosa acantholoba,"3,88","2,3",1,M,,,,,,,,,"5,7","3,6","2,8","6,1","10,2",,,,,,,,,,,,,,,,,,,,,,,,,,,,,"6,1","10,2","110,9374906","0,2773437264","7,916813487","197,9203372",25,0,0,2,,
22718616,227186,2016,SecCan,NA,SC12,FID,4,1,A,400,216,Mimosa acantholoba,1,"3,3",1,M,,,,,2008,,,,"6,4","2,54","2,5","5,6","5,5",,,,,,,,,,,,,,,,,,,,,,,,,,,,,"5,5","5,6","48,38838085","0,1209709521","4,987278338","124,6819584",25,0,0,2,Revisar DAP1 2015,
22717916,227179,2016,SecCan,NA,SC12,FID,4,1,A,400,215,Mimosa acantholoba,"3,2","3,55",1,1,21,7,,,2008,,,,"7,3","2,1","2,2","6,8","7,8",,,,,,,,,,,,,,,,,,,,,,,,,,,,,"6,8","7,8","84,10043534","0,2102510883","3,628539515","90,71348787",25,0,0,2,,
22716216,227162,2016,SecCan,NA,SC12,FID,4,2,C,400,214,Mimosa acantholoba,"1,85","5,1",1,M,,,,,,,,,"4,7","2,8","1,5","5,2",,,,,,,,,,,,,,,,,,,,,,,,,,,,,,"5,2","5,2","21,23716634","0,05309291585","3,298672286","82,46680716",25,0,0,1,,
22712416,227124,2016,SecCan,NA,SC12,FID,4,2,C,400,212,Mimosa acantholoba,"4,51","5,96",1,0,,,,,,,,,"4,85","1,53","1,4","6,7",,,,,,,,,,,,,,,,,,,,,,,,,,,,,,"6,7","6,7","35,25652355","0,08814130889","1,682322866","42,05807165",25,0,0,1,,
22710016,227100,2016,SecCan,NA,SC12,FID,4,2,C,400,210,Mimosa acantholoba,"1,8","6,2",1,0,,,,,,,,,"4,65","2,1","1,7","5,8","7,9",,,,,,,,,,,,,,,,,,,,,,,,,,,,,"5,8","7,9","75,43749359","0,188593734","2,803871443","70,09678608",25,0,0,2,,
22694316,226943,2016,SecCan,NA,SC12,FID,4,2,C,400,205,Mimosa acantholoba,"2,12","7,6",1,M,,,,,,,,,"4,2","1,3","1,25",5,,,,,,,,,,,,,,,,,,,,,,,,,,,,,,5,5,"19,63495408","0,04908738521","1,276272016","31,90680039",25,0,0,1,,
22673816,226738,2016,SecCan,NA,SC12,FID,4,2,C,200,202,Mimosa acantholoba,"2,46","9,15",1,M,,,,,,,,,"2,6","1,1","1,17","3,2",,,,,,,,,,,,,,,,,,,,,,,,,,,,,,"3,2","3,2","8,042477193","0,04021238597","1,010807436","50,54037181",50,0,0,1,,
22670716,226707,2016,SecCan,NA,SC12,FID,4,2,C,400,201,Mimosa acantholoba,"1,6","9,3",1,0,,,,,,,,,"5,9",1,"1,3","6,1",,,,,,,,,,,,,,,,,,,,,,,,,,,,,,"6,1","6,1","29,22466566","0,07306166415","1,021017612","25,52544031",25,0,0,1,,
22663916,226639,2016,SecCan,NA,SC12,FID,4,2,C,400,199,Mimosa acantholoba,"3,65","9,76",1,M,,,,,,,,,"5,2","2,7","3,8","9,3",,,,,,,,,,,,,,,,,,,,,,,,,,,,,,"9,3","9,3","67,92908715","0,1698227179","8,058185156","201,4546289",25,0,0,1,,
22659216,226592,2016,SecCan,NA,SC12,FID,4,3,A,400,198,Mimosa acantholoba,"1,67","10,47",1,M,,,,,2013,,,,"5,11","1,3",3,"7,7",,,,,,,,,,,,,,,,,,,,,,,,,,,,,,"7,7","7,7","46,56625711","0,1164156428","3,063052837","76,57632093",25,0,0,1,,
22658516,226585,2016,SecCan,NA,SC12,FID,4,3,A,400,196,Mimosa acantholoba,"0,8","11,6",1,M,,,,,2008,,,,"6,4","2,3","2,5","8,4",,,,,,,,,,,,,,,,,,,,,,,,,,,,,,"8,4","8,4","55,41769441","0,138544236","4,51603944","112,900986",25,0,0,1,,
22654716,226547,2016,SecCan,NA,SC12,FID,4,3,A,400,194,Mimosa acantholoba,"4,91","14,44",1,M,,,,,2006,,,,"4,82","3,64","3,65","11,2",,,,,,,,,,,,,,,,,,,,,,,,,,,,,,"11,2","11,2","98,52034562","0,246300864","10,4348","260,87",25,0,0,1,,
22653016,226530,2016,SecCan,NA,SC12,FID,4,4,B,200,193,Mimosa acantholoba,"4,34","15,68",1,M,,,,,2005,,,,"4,42","5,4","2,6","4,3",,,,,,,,,,,,,,,,,,,,,,,,,,,,,,"4,3","4,3","14,52201204","0,07261006021","11,02699021","551,3495107",50,0,0,1,,
22648616,226486,2016,SecCan,NA,SC12,FID,4,4,B,400,190,Mimosa acantholoba,"0,01","18,47",1,M,,,,,,,,,"3,4","2,5","2,4","7,3",,,,,,,,,,,,,,,,,,,,,,,,,,,,,,"7,3","7,3","41,85386813","0,1046346703","4,71238898","117,8097245",25,0,0,1,,
22647916,226479,2016,SecCan,NA,SC12,FID,4,4,B,400,189,Mimosa acantholoba,"2,7",19,1,M,,,,,,,,,"5,42","4,9","4,5","9,8","6,8",,,,,,,,,,,,,,,,,,,,,,,,,,,,,"6,8","9,8","111,7464507","0,2793661267","17,3180295","432,9507376",25,0,0,2,Revisar DAP1 2015,
22726116,227261,2016,SecCan,NA,SC13,ESS,1,1,A,400,719,Mimosa acantholoba,"2,5","4,6",1,M,,,,,,,,,"5,72","2,7","2,5","9,6","9,8",,,,,,,,,,,,,,,,,,,,,,,,,,,,,"9,6","9,8","147,8119344","0,3695298359","5,301437603","132,5359401",25,0,0,2,,
22754416,227544,2016,SecCan,NA,SC13,ESS,1,2,C,100,738,Mimosa acantholoba,"3,63","9,25",1,M,,,,,,,,,"3,9","1,6","2,5",2,,,,,,,,,,,,,,,,,,,,,,,,,,,,,,2,2,"3,141592654","0,03141592654","3,141592654","314,1592654",100,0,0,1,,
22760516,227605,2016,SecCan,NA,SC13,ESS,1,3,A,400,742,Mimosa acantholoba,"1,57","10,35",1,M,,,,,,,,,"7,5","6,61","3,99","19,9","11,1",,,,,,,,,,,,,,,,,,,,,,,,,,,,,"11,1","19,9","407,7944344","1,019486086","20,71401262","517,8503155",25,0,0,2,,
22762916,227629,2016,SecCan,NA,SC13,ESS,1,3,A,400,743,Mimosa acantholoba,"4,3","11,4",1,0,,,,,2010,,,,"7,2","3,9","3,3",9,,,,,,,,,,,,,,,,,,,,,,,,,,,,,,9,9,"63,61725124","0,1590431281","10,10807436","252,7018591",25,0,0,1,,
22764316,227643,2016,SecCan,NA,SC13,ESS,1,4,B,400,744,Mimosa acantholoba,"4,75","16,14",1,M,,,,,,,,,"5,3","4,42","1,2","15,5","14,6",,,,,,,,,,,,,,,,,,,,,,,,,,,,,"14,6","15,5","356,1073813","0,8902684532","4,165751859","104,1437965",25,0,0,2,,
22768116,227681,2016,SecCan,NA,SC13,ESS,1,4,B,400,747,Mimosa acantholoba,"4,4","18,6",1,M,,,,,,,,,"4,4","4,4","2,4",11,,,,,,,,,,,,,,,,,,,,,,,,,,,,,,11,11,"95,03317777","0,2375829444","8,293804605","207,3451151",25,0,0,1,,
22771116,227711,2016,SecCan,NA,SC13,ESS,1,4,B,400,750,Mimosa acantholoba,"1,15","19,5",1,M,,,,,,,,,"6,64","2,65","3,61","8,3",,,,,,,,,,,,,,,,,,,,,,,,,,,,,,"8,3","8,3","54,10607948","0,1352651987","7,51351153","187,8377883",25,0,0,1,,
22808416,228084,2016,SecCan,NA,SC13,ESS,2,1,C,400,761,Mimosa acantholoba,"3,4","4,9",1,1,33,6,,,,,,,"7,9","4,7","3,2","7,6","6,1","10,4",,,,,,,,,,,,,,,,,,,,,,,,,,,,"6,1","10,4","159,5379289","0,3988448223","11,81238838","295,3097094",25,0,0,3,Revisar DAPs 2015. Están ausentes.,
22811416,228114,2016,SecCan,NA,SC13,ESS,2,2,A,400,764,Mimosa acantholoba,"4,8","7,56",1,1,71,4,,,,,,,"7,77","4,8","4,5",48,,,,,,,,,,,,,,,,,,,,,,,,,,,,,,48,48,"1809,557368","4,523893421","16,96460033","424,1150082",25,0,0,1,,
22818316,228183,2016,SecCan,NA,SC13,ESS,2,3,B,400,774,Mimosa acantholoba,"0,98","10,97",1,0,,,,,,,,,8,"4,5","4,2","12,1",,,,,,,,,,,,,,,,,,,,,,,,,,,,,,"12,1","12,1","114,9901451","0,2874753628","14,84402529","371,1006322",25,0,0,1,,
22827516,228275,2016,SecCan,NA,SC13,ESS,2,3,B,400,775,Mimosa acantholoba,"4,15","13,5",1,1,7,4,,,,,,,"7,08","3,03","1,7","9,6",,,,,,,,,,,,,,,,,,,,,,,,,,,,,,"9,6","9,6","72,38229474","0,1809557368","4,04558594","101,1396485",25,0,0,1,,
22831216,228312,2016,SecCan,NA,SC13,ESS,2,4,A,400,779,Mimosa acantholoba,"3,94","15,93",1,M,,,,,2004,,,,"6,56","5,7","3,4","9,8",,,,,,,,,,,,,,,,,,,,,,,,,,,,,,"9,8","9,8","75,42963961","0,188574099","15,22101641","380,5254102",25,0,0,1,,
22836716,228367,2016,SecCan,NA,SC13,ESS,2,4,A,400,783,Mimosa acantholoba,"2,55","18,9",1,0,,,,,,,,,"4,6","4,5","1,69","11,5",,,,,,,,,,,,,,,,,,,,,,,,,,,,,,"11,5","11,5","103,8689071","0,2596722678","5,972953033","149,3238258",25,0,0,1,,
22840416,228404,2016,SecCan,NA,SC13,ESS,3,1,A,400,787,Mimosa acantholoba,"1,05","0,9",1,0,,,,,,,,,"7,02","5,7","3,7","12,6",,,,,,,,,,,,,,,,,,,,,,,,,,,,,,"12,6","12,6","124,6898124","0,3117245311","16,56404727","414,1011817",25,0,0,1,,
22844216,228442,2016,SecCan,NA,SC13,ESS,3,1,A,400,794,Mimosa acantholoba,"1,07","2,56",1,M,,,,,2005,,,,"5,33","5,25",3,"9,9",,,,,,,,,,,,,,,,,,,,,,,,,,,,,,"9,9","9,9","76,97687399","0,192442185","12,37002107","309,2505268",25,0,0,1,,
22846616,228466,2016,SecCan,NA,SC13,ESS,3,1,A,400,791,Mimosa acantholoba,"3,52","3,5",1,M,,,,,,,,,"7,55","3,64","2,7","10,4",,,,,,,,,,,,,,,,,,,,,,,,,,,,,,"10,4","10,4","84,94866535","0,2123716634","7,71889315","192,9723287",25,0,0,1,,
22847316,228473,2016,SecCan,NA,SC13,ESS,3,1,A,400,789,Mimosa acantholoba,"4,9","3,56",1,M,,,,,2005,,,,"5,7","2,5","3,2","8,7",,,,,,,,,,,,,,,,,,,,,,,,,,,,,,"8,7","8,7","59,44678699","0,1486169675","6,283185307","157,0796327",25,0,0,1,,
22850316,228503,2016,SecCan,NA,SC13,ESS,3,2,B,200,797,Mimosa acantholoba,"2,3","5,1",1,M,,,,,2011,,,,"4,9",3,"2,6","3,9",,,,,,,,,,,,,,,,,,,,,,,,,,,,,,"3,9","3,9","11,94590607","0,05972953033","6,126105675","306,3052837",50,0,0,1,,
22857216,228572,2016,SecCan,NA,SC13,ESS,3,2,B,400,798,Mimosa acantholoba,"3,18","6,5",1,0,,,,,,,,,"7,14",3,"2,7","9,9",,,,,,,,,,,,,,,,,,,,,,,,,,,,,,"9,9","9,9","76,97687399","0,192442185","6,361725124","159,0431281",25,0,0,1,,
22866416,228664,2016,SecCan,NA,SC13,ESS,3,2,B,400,802,Mimosa acantholoba,"0,5","9,7",1,M,,,,,,,,,"6,15","2,6","1,85","7,1",,,,,,,,,,,,,,,,,,,,,,,,,,,,,,"7,1","7,1","39,59192142","0,09897980354","3,777765166","94,44412915",25,0,0,1,,
22869516,228695,2016,SecCan,NA,SC13,ESS,3,3,A,400,806,Mimosa acantholoba,"4,31","10,15",1,M,,,,,,,,,"6,2","4,2","3,4","9,4","17,3",,,,,,,,,,,,,,,,,,,,,,,,,,,,,"9,4","17,3","304,459598","0,7611489951","11,21548577","280,3871443",25,0,0,2,,
22899216,228992,2016,SecCan,NA,SC13,ESS,3,3,A,400,804,Mimosa acantholoba,"0,35","10,54",1,1,21,6,,,2014,,2015,2016,"4,1","1,3","1,2","5,6",,,,,,,,,,,,,,,,,,,,,,,,,,,,,,"5,6","5,6","24,6300864","0,06157521601","1,225221135","30,63052837",25,0,0,1,Reincluido 2016. No está muerto. Diámetro reubicado.,
22870116,228701,2016,SecCan,NA,SC13,ESS,3,3,A,ERR,805,Mimosa acantholoba,"0,06","10,66",1,M,,,,,,,,,,,,,,,,,,,,,,,,,,,,,,,,,,,,,,,,,,0,0,0,E.SAMPLE,0,E.SAMPLE,#VALUE!,#VALUE!,0,0,,
22872516,228725,2016,SecCan,NA,SC13,ESS,3,3,A,400,808,Mimosa acantholoba,"4,26","14,8",1,M,,,,,2006,,,,"3,35","1,32","0,83","7,3",,,,,,,,,,,,,,,,,,,,,,,,,,,,,,"7,3","7,3","41,85386813","0,1046346703","0,8604822278","21,5120557",25,0,0,1,,
22873216,228732,2016,SecCan,NA,SC13,ESS,3,3,A,400,807,Mimosa acantholoba,"4,8","14,97",1,1,98,4,,,,,,,"5,62","3,61","3,6","7,2","11,9",,,,,,,,,,,,,,,,,,,,,,,,,,,,,"7,2","11,9","151,9352747","0,3798381868","10,20703453","255,1758633",25,0,0,2,,
22875616,228756,2016,SecCan,NA,SC13,ESS,3,4,C,100,810,Mimosa acantholoba,"2,08","15,63",1,0,,,,,,,2015,2016,"2,8","1,1","0,9",1,,,,,,,,,,,,,,,,,,,,,,,,,,,,,,1,1,"0,7853981634","0,007853981634","0,7775441818","77,75441818",100,0,0,1,Reincluido 2016,
22885516,228855,2016,SecCan,NA,SC13,ESS,3,4,C,400,821,Mimosa acantholoba,"2,75","16,8",1,M,,,,,,,,,"3,31","6,5",1,"2,8","2,2",15,"1,2",,,,,,,,,,,,,,,,,,,,,,,,,,,"1,2",15,"187,8044088","0,4695110221","5,105088062","127,6272016",25,0,0,4,,
22905016,229050,2016,SecCan,NA,SC13,ESS,4,1,B,200,825,Mimosa acantholoba,"0,9","1,5",1,0,,,,,,,,,"2,09","2,53","1,89","3,1","2,7","2,8",,,,,,,,,,,,,,,,,,,,,,,,,,,,"2,7","3,1","19,43075056","0,09715375281","3,755538398","187,7769199",50,0,0,3,"SP = Bonellia macrocarpa. Revisar registro, DAPs no coinciden.",
22911116,229111,2016,SecCan,NA,SC13,ESS,4,1,B,400,830,Mimosa acantholoba,"2,35","4,94",1,0,,,,,,,,,"6,29","2,9","3,3","8,3",,,,,,,,,,,,,,,,,,,,,,,,,,,,,,"8,3","8,3","54,10607948","0,1352651987","7,516260424","187,9065106",25,0,0,1,,
22912816,229128,2016,SecCan,NA,SC13,ESS,4,2,A,400,831,Mimosa acantholoba,"2,8","5,1",1,0,,,,,2006,,,,"5,9","2,4","1,5",7,,,,,,,,,,,,,,,,,,,,,,,,,,,,,,7,7,"38,48451001","0,09621127502","2,827433388","70,68583471",25,0,0,1,,
22916616,229166,2016,SecCan,NA,SC13,ESS,4,2,A,400,837,Mimosa acantholoba,"4,96","8,25",1,M,,,,,2005,,,,"5,84","6,4","4,4","14,5",,,,,,,,,,,,,,,,,,,,,,,,,,,,,,"14,5","14,5","165,1299639","0,4128249096","22,11681228","552,920307",25,0,0,1,,
22918016,229180,2016,SecCan,NA,SC13,ESS,4,2,A,400,835,Mimosa acantholoba,"2,4","9,38",1,0,,,,,,,,,"6,85","7,3","3,32","9,9","5,9",,,,,,,,,,,,,,,,,,,,,,,,,,,,,"5,9","9,9","104,3165841","0,2607914602","19,03490989","475,8727472",25,0,0,2,,
22919716,229197,2016,SecCan,NA,SC13,ESS,4,2,A,400,834,Mimosa acantholoba,"0,6","9,52",1,M,,,,,,,,,"8,34","5,6","2,97","9,4","6,8",,,,,,,,,,,,,,,,,,,,,,,,,,,,,"6,8","9,4","105,7145928","0,264286482","13,06274225","326,5685563",25,0,0,2,Moribundo,
22921016,229210,2016,SecCan,NA,SC13,,4,3,C,400,838,Mimosa acantholoba,"4,44","10,4",1,,,,,,,,,,"4,7","2,47","1,8","8,3","11,3","5,4",,,,,,,,,,,,,,,,,,,,,,,,,,,,"5,4","11,3","177,2957814","0,4432394535","3,491880234","87,29700586",25,0,0,3,,
22929616,229296,2016,SecCan,NA,SC13,ESS,4,3,C,100,841,Mimosa acantholoba,"4,07","12,69",1,0,,,,,,,2010,2012,"2,13","1,6","1,28","1,3",,,,,,,,,,,,,,,,,,,,,,,,,,,,,,"1,3","1,3","1,327322896","0,01327322896","1,608495439","160,8495439",100,0,0,1,,
22932616,229326,2016,SecCan,NA,SC13,ESS,4,3,C,400,842,Mimosa acantholoba,"4,68","14,42",1,0,,,,,,,,,"5,8","3,1","3,5","9,9","5,2","1,9",,,,,,,,,,,,,,,,,,,,,,,,,,,,"1,9","9,9","101,0493277","0,2526233193","8,521570073","213,0392518",25,0,0,3,,
22941816,229418,2016,SecCan,NA,SC13,ESS,4,4,A,400,846,Mimosa acantholoba,"2,9","15,05",1,1,3,5,,,,,,,"6,1","5,2","4,8","14,1",7,,,,,,,,,,,,,,,,,,,,,,,,,,,,,7,"14,1","194,6295189","0,4865737972","19,60353816","490,088454",25,0,0,2,,
22950016,229500,2016,SecCan,NA,SC14,TOB,1,1,A,400,339,Mimosa acantholoba,"2,4","2,55",1,M,,,,,2012,,,,"5,59","2,9","3,7",6,"5,8",,,,,,,,,,,,,,,,,,,,,,,,,,,,,"5,8",6,"54,6951281","0,1367378202","8,427322293","210,6830573",25,0,0,2,,
23428316,234283,2016,SecCan,NA,SC14,TOB,1,1,A,400,340,Mimosa acantholoba,"2,75","2,65",1,M,,,,,2015,,,,"5,9","3,3","2,2","5,3",,,,,,,,,,,,,,,,,,,,,,,,,,,,,,"5,3","5,3","22,06183441","0,05515458602","5,701990666","142,5497667",25,0,0,1,TAG = 340,
22959316,229593,2016,SecCan,NA,SC14,TOB,1,2,C,200,348,Mimosa acantholoba,"3,68","5,63",1,M,,,,,2005,,,,"4,5","2,5","1,2","3,7",,,,,,,,,,,,,,,,,,,,,,,,,,,,,,"3,7","3,7","10,75210086","0,05376050428","2,35619449","117,8097245",50,0,0,1,,
22965416,229654,2016,SecCan,NA,SC14,TOB,1,2,C,200,347,Mimosa acantholoba,"1,6","6,3",1,0,,,,,2005,,,,"4,67","3,24","2,54","3,2","3,5","2,8","3,9","2,4","2,1",,,,,,,,,,,,,,,,,,,,,,,,,"2,1","3,9","43,75453168","0,2187726584","6,463512725","323,1756363",50,0,0,6,,
22966116,229661,2016,SecCan,NA,SC14,TOB,1,2,C,400,349,Mimosa acantholoba,"4,52","6,75",1,0,,,,,2005,,,,"4,85","1,9","2,1",5,,,,,,,,,,,,,,,,,,,,,,,,,,,,,,5,5,"19,63495408","0,04908738521","3,133738672","78,3434668",25,0,0,1,,
22969216,229692,2016,SecCan,NA,SC14,TOB,1,2,C,400,350,Mimosa acantholoba,"4,8","7,4",1,M,,,,,2005,,,,"4,45","2,6","2,3","5,5",,,,,,,,,,,,,,,,,,,,,,,,,,,,,,"5,5","5,5","23,75829444","0,05939573611","4,696681017","117,4170254",25,0,0,1,,
22970816,229708,2016,SecCan,NA,SC14,TOB,1,2,C,200,353,Mimosa acantholoba,"3,2","7,89",1,M?,,,,,2005,,,,5,"1,8",1,4,,,,,,,,,,,,,,,,,,,,,,,,,,,,,,4,4,"12,56637061","0,06283185307","1,413716694","70,68583471",50,0,0,1,"Checar si es el mismo que 352. En los formatos de 2016, decía que estaba muerto, pero tenía medidas. Verificar si está muerto o no.",
22977716,229777,2016,SecCan,NA,SC14,TOB,1,2,C,200,363,Mimosa acantholoba,"2,3","9,3",1,M,,,,,2006,,,,"4,31","2,75","1,8","3,3",3,,,,,,,,,,,,,,,,,,,,,,,,,,,,,3,"3,3","15,62156947","0,07810784735","3,887720909","194,3860454",50,0,0,2,,
22978416,229784,2016,SecCan,NA,SC14,TOB,1,2,C,200,364,Mimosa acantholoba,"4,45","9,5",1,M,,,,,2005,,,,"3,61","3,9",2,"4,1","2,3",,,,,,,,,,,,,,,,,,,,,,,,,,,,,"2,3","4,1","17,35729941","0,08678649706","6,126105675","306,3052837",50,0,0,2,,
22946316,229463,2016,SecCan,NA,SC14,TOB,1,3,B,200,367,Mimosa acantholoba,"0,3","11,63",1,M,,,,,2010,,,,"4,66","2,5","2,2","3,7",,,,,,,,,,,,,,,,,,,,,,,,,,,,,,"3,7","3,7","10,75210086","0,05376050428","4,319689899","215,9844949",50,0,0,1,,
22982116,229821,2016,SecCan,NA,SC14,TOB,1,3,B,400,370,Mimosa acantholoba,"4,8","11,7",1,M,,,,,2007,,,,"4,53","2,8","1,84","5,5","3,7","4,1","2,6",,,,,,,,,,,,,,,,,,,,,,,,,,,"2,6","5,5","53,02223001","0,132555575","4,046371338","101,1592834",25,0,0,4,,
22983816,229838,2016,SecCan,NA,SC14,TOB,1,3,B,ERR,369,Mimosa acantholoba,1,"11,75",1,NO ENCONTRADO,,,,,2012,,,,,,,,,,,,,,,,,,,,,,,,,,,,,,,,,,,,,0,0,0,E.SAMPLE,0,E.SAMPLE,#VALUE!,#VALUE!,0,0,,
22990616,229906,2016,SecCan,NA,SC14,TOB,1,4,A,400,376,Mimosa acantholoba,"0,55","17,9",1,M?,,,,,2014,,,,5,"3,44","6,61","5,5",,,,,,,,,,,,,,,,,,,,,,,,,,,,,,"5,5","5,5","23,75829444","0,05939573611","17,8586976","446,46744",25,0,0,1,,
22993716,229937,2016,SecCan,NA,SC14,TOB,2,1,C,200,378,Mimosa acantholoba,"3,2","1,2",1,M?,,,,,2005,,,,"4,46","2,5","1,9","3,9","4,1",,,,,,,,,,,,,,,,,,,,,,,,,,,,,"3,9","4,1","25,14844919","0,125742246","3,730641276","186,5320638",50,0,0,2,,
22995116,229951,2016,SecCan,NA,SC14,TOB,2,1,C,200,379,Mimosa acantholoba,"4,55","1,7",1,M,,,,,2005,,,,"4,5","2,2","1,6","3,3","2,7","3,9","1,9","3,5",,,,,,,,,,,,,,,,,,,,,,,,,,"1,9","3,9","38,68085955","0,1934042977","2,764601535","138,2300768",50,0,0,5,,
22997516,229975,2016,SecCan,NA,SC14,TOB,2,1,C,400,380,Mimosa acantholoba,"2,13","2,35",1,M,,,,,2005,,,,"5,1","1,5","1,6","5,9",,,,,,,,,,,,,,,,,,,,,,,,,,,,,,"5,9","5,9","27,33971007","0,06834927517","1,884955592","47,1238898",25,0,0,1,,
22998216,229982,2016,SecCan,NA,SC14,TOB,2,1,C,400,381,Mimosa acantholoba,"3,5","2,4",1,M,,,,,2005,,,,"5,75","2,2",1,"5,4",,,,,,,,,,,,,,,,,,,,,,,,,,,,,,"5,4","5,4","22,90221044","0,05725552611","1,727875959","43,19689899",25,0,0,1,,
23004916,230049,2016,SecCan,NA,SC14,TOB,2,1,C,200,384,Mimosa acantholoba,"3,3","4,65",1,M,,,,,2005,,,,"3,5","0,61","0,34","3,2","3,9","2,9",,,,,,,,,,,,,,,,,,,,,,,,,,,,"2,9","3,9","26,59358181","0,1329679091","0,1628915791","8,144578954",50,0,0,3,,
23006316,230063,2016,SecCan,NA,SC14,TOB,2,1,C,200,385,Mimosa acantholoba,"3,95","4,78",1,M,,,,,2005,,,,"4,74","2,2","4,4","4,7",,,,,,,,,,,,,,,,,,,,,,,,,,,,,,"4,7","4,7","17,34944543","0,08674722715","7,602654222","380,1327111",50,0,0,1,,
23012416,230124,2016,SecCan,NA,SC14,TOB,2,2,B,200,390,Mimosa acantholoba,"3,1","9,88",1,M,,,,,2011,,,,"4,04","2,3","1,15","4,5",,,,,,,,,,,,,,,,,,,,,,,,,,,,,,"4,5","4,5","15,90431281","0,07952156404","2,077378142","103,8689071",50,0,0,1,Revisar DAP1 2015 (4.5 cm),
23014816,230148,2016,SecCan,NA,SC14,TOB,2,3,A,400,392,Mimosa acantholoba,"2,46",14,1,1,20,1,"Estaba cerca y lo pude contar completo, además eran pocos",,2012,,,,"4,61","3,7","2,1","5,7",5,,,,,,,,,,,,,,,,,,,,,,,,,,,,,5,"5,7","45,15254041","0,112881351","6,10254373","152,5635932",25,0,0,2,"Revisar si el DAP 2 estaba en anios pasados. Estaba marcado, pero no tenía medida.",
23016216,230162,2016,SecCan,NA,SC14,TOB,2,4,A,400,394,Mimosa acantholoba,"0,79","16,65",1,1,44,3,,,2012,,,,"4,92","2,47","1,74","5,6",5,,,,,,,,,,,,,,,,,,,,,,,,,,,,,5,"5,6","44,26504049","0,1106626012","3,375484227","84,38710567",25,0,0,2,,
23017916,230179,2016,SecCan,NA,SC14,TOB,2,4,A,400,395,Mimosa acantholoba,"0,44","18,05",1,M,,,,,2012,,,,"5,76","4,5","2,5","6,5","6,3","5,6",,,,,,,,,,,,,,,,,,,,,,,,,,,,"5,6","6,5","88,98561191","0,2224640298","8,835729338","220,8932335",25,0,0,3,,
23018616,230186,2016,SecCan,NA,SC14,TOB,2,4,A,ERR,397,Mimosa acantholoba,"3,59","18,62",1,M,,,,,2012,,,,"5,2","3,3","5,9",,,,,,,,,,,,,,,,,,,,,,,,,,,,,,,0,0,0,E.SAMPLE,"15,29170224",E.SAMPLE,#VALUE!,#VALUE!,0,0,,
23019316,230193,2016,SecCan,NA,SC14,TOB,2,4,A,400,396,Mimosa acantholoba,"3,26","19,03",1,M,,,,,2012,,,,"4,96","3,84","2,26",6,"4,7","5,4",,,,,,,,,,,,,,,,,,,,,,,,,,,,"4,7",6,"68,52598976","0,1713149744","6,815999421","170,3999855",25,0,0,3,,
23020916,230209,2016,SecCan,NA,SC14,TOB,3,1,A,400,398,Mimosa acantholoba,"2,8","1,1",1,M,,,,,2012,,,,"5,7","3,4","3,3","5,3","6,6",,,,,,,,,,,,,,,,,,,,,,,,,,,,,"5,3","6,6","56,27377841","0,140684446","8,812167393","220,3041848",25,0,0,2,,
23023016,230230,2016,SecCan,NA,SC14,TOB,3,1,A,400,400,Mimosa acantholoba,"2,61","4,35",1,0,,,,,2013,,,,"4,37","2,2","1,63","5,3",,,,,,,,,,,,,,,,,,,,,,,,,,,,,,"5,3","5,3","22,06183441","0,05515458602","2,816437814","70,41094535",25,0,0,1,,
23025416,230254,2016,SecCan,NA,SC14,TOB,3,2,B,200,402,Mimosa acantholoba,"4,4","5,35",1,0,,,,,2009,,,,"3,9","2,4","2,2","3,2","3,7","4,3",,,,,,,,,,,,,,,,,,,,,,,,,,,,"3,2","4,3","33,31659009","0,1665829505","4,146902303","207,3451151",50,0,0,3,,
23026116,230261,2016,SecCan,NA,SC14,TOB,3,2,B,200,404,Mimosa acantholoba,"1,05","5,58",1,0,,,,,2013,,,,"3,6","1,54","1,03","2,7",,,,,,,,,,,,,,,,,,,,,,,,,,,,,,"2,7","2,7","5,725552611","0,02862776306","1,245798567","62,28992834",50,0,0,1,,
23030816,230308,2016,SecCan,NA,SC14,TOB,3,2,B,200,406,Mimosa acantholoba,"0,16","8,76",1,M,,,,,2013,,,,"3,97","1,02","1,31","3,3",,,,,,,,,,,,,,,,,,,,,,,,,,,,,,"3,3","3,3","8,552985999","0,04276493","1,049449026","52,4724513",50,0,0,1,,
23021616,230216,2016,SecCan,NA,SC14,TOB,3,3,C,200,410,Mimosa acantholoba,"3,2","12,35",1,M,,,,,2009,,,,"4,1",2,"1,7","4,4",,,,,,,,,,,,,,,,,,,,,,,,,,,,,,"4,4","4,4","15,20530844","0,07602654222","2,670353756","133,5176878",50,0,0,1,,
23036016,230360,2016,SecCan,NA,SC14,TOB,3,3,C,200,411,Mimosa acantholoba,2,"12,45",1,M,,,,,2009,,,,"4,4","1,6","1,3","4,4",,,,,,,,,,,,,,,,,,,,,,,,,,,,,,"4,4","4,4","15,20530844","0,07602654222","1,63362818","81,68140899",50,0,0,1,,
23048316,230483,2016,SecCan,NA,SC14,TOB,3,3,C,200,415,Mimosa acantholoba,"0,46","12,75",1,M,,,,,2011,,,,"4,3",1,"0,7","3,4",,,,,,,,,,,,,,,,,,,,,,,,,,,,,,"3,4","3,4","9,079202769","0,04539601384","0,5497787144","27,48893572",50,0,0,1,,
23042116,230421,2016,SecCan,NA,SC14,TOB,3,3,C,200,417,Mimosa acantholoba,"0,26","14,15",1,M,,,,,2005,,,,4,"1,3","1,4",4,,,,,,,,,,,,,,,,,,,,,,,,,,,,,,4,4,"12,56637061","0,06283185307","1,429424657","71,47123287",50,0,0,1,,
23043816,230438,2016,SecCan,NA,SC14,TOB,3,3,C,200,418,Mimosa acantholoba,"1,04","14,25",1,M,,,,,2005,,,,"3,9","1,4","1,3","3,7",,,,,,,,,,,,,,,,,,,,,,,,,,,,,,"3,7","3,7","10,75210086","0,05376050428","1,429424657","71,47123287",50,0,0,1,,
23045216,230452,2016,SecCan,NA,SC14,TOB,3,3,C,200,420,Mimosa acantholoba,"1,38","14,58",1,M,,,,,2005,,,,4,"2,7","2,1","3,8","3,2",,,,,,,,,,,,,,,,,,,,,,,,,,,,,"3,2","3,8","19,38362667","0,09691813336","4,453207586","222,6603793",50,0,0,2,,
23051316,230513,2016,SecCan,NA,SC14,TOB,3,4,A,400,426,Mimosa acantholoba,"0,01","17,67",1,M?,,,,,2012,,,,"4,95",3,"2,29","6,5",,,,,,,,,,,,,,,,,,,,,,,,,,,,,,"6,5","6,5","33,1830724","0,08295768101","5,395685383","134,8921346",25,0,0,1,,
23054416,230544,2016,SecCan,NA,SC14,TOB,4,1,C,400,428,Mimosa acantholoba,"1,73","0,2",1,0,,,,,2005,,,,"4,7","1,6","1,3","5,2",5,"3,2",,,,,,,,,,,,,,,,,,,,,,,,,,,,"3,2","5,2","48,91459762","0,122286494","1,63362818","40,8407045",25,0,0,3,,
23061216,230612,2016,SecCan,NA,SC14,TOB,4,1,C,400,432,Mimosa acantholoba,"4,7","1,29",1,0,,,,,2012,,,,"5,6","3,1","2,6","7,9",,,,,,,,,,,,,,,,,,,,,,,,,,,,,,"7,9","7,9","49,01669938","0,1225417484","6,330309197","158,2577299",25,0,0,1,,
23067416,230674,2016,SecCan,NA,SC14,TOB,4,1,C,200,434,Mimosa acantholoba,"0,97","2,3",1,0,,,,,2005,,,,"4,06","1,2","0,78","3,1","1,9","2,2","2,4",,,,,,,,,,,,,,,,,,,,,,,,,,,"1,9","3,1","18,70818425","0,09354092126","0,7351326809","36,75663405",50,0,0,4,,
23059916,230599,2016,SecCan,NA,SC14,TOB,4,1,C,400,443,Mimosa acantholoba,"0,9","3,58",1,0,,,,,2006,,,,"3,94","2,95","1,98","4,8","5,2",,,,,,,,,,,,,,,,,,,,,,,,,,,,,"4,8","5,2","39,33274002","0,09833185006","4,587510672","114,6877668",25,0,0,2,,
23074216,230742,2016,SecCan,NA,SC14,TOB,4,1,C,200,441,Mimosa acantholoba,3,"3,6",1,0,,,,,2005,,,,"3,9","0,67","0,59","3,2",,,,,,,,,,,,,,,,,,,,,,,,,,,,,,"3,2","3,2","8,042477193","0,04021238597","0,310467894","15,5233947",50,0,0,1,,
23075916,230759,2016,SecCan,NA,SC14,TOB,4,1,C,100,444,Mimosa acantholoba,"3,2","3,6",1,M,,,,,2005,,,,"4,1","2,1",2,"2,3",,,,,,,,,,,,,,,,,,,,,,,,,,,,,,"2,3","2,3","4,154756284","0,04154756284","3,298672286","329,8672286",100,0,0,1,,
23080316,230803,2016,SecCan,NA,SC14,TOB,4,1,C,200,448,Mimosa acantholoba,"4,49","4,53",1,0,,,,,2006,,,,5,"1,4","1,8",4,,,,,,,,,,,,,,,,,,,,,,,,,,,,,,4,4,"12,56637061","0,06283185307","1,979203372","98,96016859",50,0,0,1,,
23082716,230827,2016,SecCan,NA,SC14,TOB,4,1,C,200,449,Mimosa acantholoba,"2,4","4,87",1,0,,,,,2005,,,,"4,4","2,2","1,4","3,4","3,6",,,,,,,,,,,,,,,,,,,,,,,,,,,,,"3,4","3,6","19,25796297","0,09628981483","2,419026343","120,9513172",50,0,0,2,,
23083416,230834,2016,SecCan,NA,SC14,TOB,4,2,A,400,450,Mimosa acantholoba,"4,23","5,14",1,0,,,,,2012,,,,"4,8","1,9","1,5","5,6",,,,,,,,,,,,,,,,,,,,,,,,,,,,,,"5,6","5,6","24,6300864","0,06157521601","2,238384766","55,95961914",25,0,0,1,,
23086516,230865,2016,SecCan,NA,SC14,TOB,4,3,B,200,452,Mimosa acantholoba,"4,1","10,49",1,M,,,,,2011,,,,"2,4","0,3","0,4","3,9",,,,,,,,,,,,,,,,,,,,,,,,,,,,,,"3,9","3,9","11,94590607","0,05972953033","0,09424777961","4,71238898",50,0,0,1,,
23089616,230896,2016,SecCan,NA,SC14,TOB,4,3,B,200,459,Mimosa acantholoba,"3,23","11,66",1,0,,,,,2012,,,,"3,89","2,02","1,7","3,8",,,,,,,,,,,,,,,,,,,,,,,,,,,,,,"3,8","3,8","11,34114948","0,0567057474","2,697057293","134,8528647",50,0,0,1,,
23093316,230933,2016,SecCan,NA,SC14,TOB,4,3,B,200,458,Mimosa acantholoba,"2,2","12,4",1,M,,,,,2009,,,,"3,8","1,7","0,81","2,9",,,,,,,,,,,,,,,,,,,,,,,,,,,,,,"2,9","2,9","6,605198554","0,03302599277","1,081493271","54,07466355",50,0,0,1,,
23094016,230940,2016,SecCan,NA,SC14,TOB,4,3,B,400,455,Mimosa acantholoba,"4,98","12,49",1,0,,,,,2009,,,,5,"3,1","3,5","5,9",5,,,,,,,,,,,,,,,,,,,,,,,,,,,,,5,"5,9","46,97466415","0,1174366604","8,521570073","213,0392518",25,0,0,2,,
23095716,230957,2016,SecCan,NA,SC14,TOB,4,3,B,200,463,Mimosa acantholoba,"0,25",13,1,0,,,,,2011,,,,"3,7","2,7","2,6","3,7","4,1",,,,,,,,,,,,,,,,,,,,,,,,,,,,,"3,7","4,1","23,95464398","0,1197732199","5,513495107","275,6747554",50,0,0,2,,
23099516,230995,2016,SecCan,NA,SC14,TOB,4,3,B,400,454,Mimosa acantholoba,"4,93","14,62",1,1,2,4,"Tenía muy poquitos, ya estaba mueriendo",,2011,,,,5,3,"1,5","3,1","5,4",,,,,,,,,,,,,,,,,,,,,,,,,,,,,"3,1","5,4","30,44988679","0,07612471699","3,534291735","88,35729338",25,0,0,2,,
23100816,231008,2016,SecCan,NA,SC14,TOB,4,3,B,400,464,Mimosa acantholoba,"0,15","14,8",1,M,,,,,2009,,,,"3,7","2,8","1,7","5,1","4,9",,,,,,,,,,,,,,,,,,,,,,,,,,,,,"4,9","5,1","39,28561613","0,09821404033","3,738495258","93,46238144",25,0,0,2,,
23102216,231022,2016,SecCan,NA,SC15,DIA,1,1,B,400,1,Mimosa acantholoba,"1,25","1,2",1,M,,,,,,,,,"5,4","1,8","1,25","11,1",,,,,,,,,,,,,,,,,,,,,,,,,,,,,,"11,1","11,1","96,76890771","0,2419222693","1,767145868","44,17864669",25,0,0,1,,
23106016,231060,2016,SecCan,NA,SC15,DIA,1,1,B,400,5,Mimosa acantholoba,"3,45","3,59",1,M,,,,,,,,,2,"0,7","0,5","7,2",,,,,,,,,,,,,,,,,,,,,,,,,,,,,,"7,2","7,2","40,71504079","0,101787602","0,2748893572","6,87223393",25,0,0,1,,
23109116,231091,2016,SecCan,NA,SC15,DIA,1,1,B,400,8,Mimosa acantholoba,4,"4,85",1,M,,,,,,,,,"5,84","3,3","3,1",11,"5,7",,,,,,,,,,,,,,,,,,,,,,,,,,,,,"5,7",11,"120,5507641","0,3013769102","8,034623212","200,8655803",25,0,0,2,,
23111416,231114,2016,SecCan,NA,SC15,DIA,1,2,A,400,211,Mimosa acantholoba,"4,47","8,64",1,M,,,,,2004,,,,"4,73","3,37","1,4","8,9",,,,,,,,,,,,,,,,,,,,,,,,,,,,,,"8,9","8,9","62,21138852","0,1555284713","3,705508535","92,63771337",25,0,0,1,,
23112116,231121,2016,SecCan,NA,SC15,DIA,1,2,A,400,G19,Mimosa acantholoba,"2,2","9,2",1,M,,,,,2009,,,,"4,04","2,2","2,45","5,8",,,,,,,,,,,,,,,,,,,,,,,,,,,,,,"5,8","5,8","26,42079422","0,06605198554","4,233296101","105,8324025",25,0,0,1,,
23115216,231152,2016,SecCan,NA,SC15,DIA,1,3,C,400,43,Mimosa acantholoba,"2,5","10,2",1,1,4,5,,,,,,,"5,72",4,"4,7",8,"7,6",,,,,,,,,,,,,,,,,,,,,,,,,,,,,"7,6",8,"95,63008038","0,2390752009","14,76548547","369,1371368",25,0,0,2,,
23116916,231169,2016,SecCan,NA,SC15,DIA,1,3,C,400,42,Mimosa acantholoba,"3,61","10,61",1,M,,,,,,,,,"5,7","2,4","3,1","6,6","6,5",,,,,,,,,,,,,,,,,,,,,,,,,,,,,"6,5","6,6","67,3950164","0,168487541","5,843362336","146,0840584",25,0,0,2,,
23137416,231374,2016,SecCan,NA,SC15,DIA,1,3,C,400,47,Mimosa acantholoba,"4,4","13,22",1,M,,,,,,,,,"5,34","5,38",5,"10,7","6,5","5,1",,,,,,,,,,,,,,,,,,,,,,,,,,,,"5,1","10,7","143,5315144","0,3588287859","21,1272106","528,1802649",25,0,0,3,,
23151016,231510,2016,SecCan,NA,SC15,DIA,2,1,A,400,G20,Mimosa acantholoba,"0,56","1,35",1,M,,,,,2009,,,,"5,44","3,25","1,01","7,2",,,,,,,,,,,,,,,,,,,,,,,,,,,,,,"7,2","7,2","40,71504079","0,101787602","2,578069471","64,45173678",25,0,0,1,,
23153416,231534,2016,SecCan,NA,SC15,DIA,2,1,A,400,G21,Mimosa acantholoba,"0,43","3,1",1,M,,,,,2009,,,,"5,86","5,05","3,8","8,3","7,9",,,,,,,,,,,,,,,,,,,,,,,,,,,,,"7,9","8,3","103,1227789","0,2578069471","15,07179076","376,7947689",25,0,0,2,,
23154116,231541,2016,SecCan,NA,SC15,DIA,2,1,A,400,J70 ,Mimosa acantholoba,"1,7","3,2",1,M,,,,,2013,,,,"5,27","1,2","1,9","5,3",,,,,,,,,,,,,,,,,,,,,,,,,,,,,,"5,3","5,3","22,06183441","0,05515458602","1,790707813","44,76769531",25,0,0,1,,
23164016,231640,2016,SecCan,NA,SC15,DIA,2,2,C,400,96,Mimosa acantholoba,"2,15","7,35",1,M,,,,,,,,,"5,06","4,02","5,1","9,6","7,7","7,2",,,,,,,,,,,,,,,,,,,,,,,,,,,,"7,2","9,6","159,6635926","0,3991589816","16,10223315","402,5558286",25,0,0,3,,
23168816,231688,2016,SecCan,NA,SC15,DIA,2,2,C,400,94,Mimosa acantholoba,"0,1","8,33",1,1,19,4,,,,,,,"5,79","3,3","4,7","7,9","6,3",,,,,,,,,,,,,,,,,,,,,,,,,,,,,"6,3","7,9","80,18915248","0,2004728812","12,18152551","304,5381379",25,0,0,2,,
23173216,231732,2016,SecCan,NA,SC15,DIA,2,2,C,400,87,Mimosa acantholoba,"4,08","8,64",1,M,,,,,,,,,"4,9","2,4","2,06","8,9","6,9",,,,,,,,,,,,,,,,,,,,,,,,,,,,,"6,9","8,9","99,60419508","0,2490104877","3,88300852","97,075213",25,0,0,2,Un DAP muerto,
23179416,231794,2016,SecCan,NA,SC15,DIA,2,2,C,400,93,Mimosa acantholoba,"0,26","9,66",1,M,,,,,,,,,"5,37","2,62","2,03","7,9","5,6",,,,,,,,,,,,,,,,,,,,,,,,,,,,,"5,6","7,9","73,64678578","0,1841169645","4,177218672","104,4304668",25,0,0,2,,
23185516,231855,2016,SecCan,NA,SC15,DIA,2,4,B,400,115,Mimosa acantholoba,"3,26","16,42",1,M,,,,,,,,,"7,72","4,4","3,4","10,8",,,,,,,,,,,,,,,,,,,,,,,,,,,,,,"10,8","10,8","91,60884178","0,2290221044","11,74955652","293,7389131",25,0,0,1,,
23186216,231862,2016,SecCan,NA,SC15,DIA,2,4,B,400,122,Mimosa acantholoba,"2,3","16,73",1,M,,,,,,,,,"4,85","1,16","1,1","5,9",,,,,,,,,,,,,,,,,,,,,,,,,,,,,,"5,9","5,9","27,33971007","0,06834927517","1,002168056","25,05420141",25,0,0,1,,
23207416,232074,2016,SecCan,NA,SC15,DIA,3,1,C,ERR,124,Mimosa acantholoba,"1,12","2,73",1,M,,,,,,,,,,,,,,,,,,,,,,,,,,,,,,,,,,,,,,,,,,0,0,0,E.SAMPLE,0,E.SAMPLE,#VALUE!,#VALUE!,0,0,No encontrado 2016,
23208116,232081,2016,SecCan,NA,SC15,DIA,3,1,C,400,125,Mimosa acantholoba,"1,14","2,93",1,M,,,,,,,,,"5,18","3,15","5,4","9,3","7,2","5,3",,,,,,,,,,,,,,,,,,,,,,,,,,,,"5,3","9,3","130,7059624","0,3267649059","13,35962276","333,990569",25,0,0,3,,
23209816,232098,2016,SecCan,NA,SC15,DIA,3,1,C,400,X008,Mimosa acantholoba,"0,99","3,19",1,M,,,,,,,2009,2016,"5,05",5,3,"9,2",,,,,,,,,,,,,,,,,,,,,,,,,,,,,,"9,2","9,2","66,47610055","0,1661902514","11,78097245","294,5243113",25,0,0,1,No está muerto. TAG = X008.,
23216616,232166,2016,SecCan,NA,SC15,DIA,3,2,A,400,225,Mimosa acantholoba,"2,79","5,9",1,M,,,,,2004,,,,"5,13","5,2","4,8","11,7",,,,,,,,,,,,,,,,,,,,,,,,,,,,,,"11,7","11,7","107,5131546","0,2687828865","19,60353816","490,088454",25,0,0,1,,
23217316,232173,2016,SecCan,NA,SC15,DIA,3,2,A,400,E66,Mimosa acantholoba,"2,13","6,3",1,M,,,,,2011,,,,"3,07",4,"1,7","7,3",,,,,,,,,,,,,,,,,,,,,,,,,,,,,,"7,3","7,3","41,85386813","0,1046346703","5,340707511","133,5176878",25,0,0,1,,
23218016,232180,2016,SecCan,NA,SC15,DIA,3,2,A,ERR,144,Mimosa acantholoba,"2,5","6,8",1,M,,,,,,,,,,,,,,,,,,,,,,,,,,,,,,,,,,,,,,,,,,0,0,0,E.SAMPLE,0,E.SAMPLE,#VALUE!,#VALUE!,0,0,No registrado 2016,
23222716,232227,2016,SecCan,NA,SC15,DIA,3,3,B,400,146,Mimosa acantholoba,"1,8","10,3",1,1,29,5,,,,,,,"4,72","1,7","3,9","6,8","7,3",,,,,,,,,,,,,,,,,,,,,,,,,,,,,"6,8","7,3","78,1706792","0,195426698","5,207189823","130,1797456",25,0,0,2,,
23223416,232234,2016,SecCan,NA,SC15,DIA,3,3,B,200,147,Mimosa acantholoba,"1,24","10,45",1,M,,,,,,,,,"2,06","1,03","1,2","4,5",,,,,,,,,,,,,,,,,,,,,,,,,,,,,,"4,5","4,5","15,90431281","0,07952156404","0,97075213","48,5376065",50,0,0,1,,
23225816,232258,2016,SecCan,NA,SC15,DIA,3,3,B,200,148,Mimosa acantholoba,"1,43","10,6",1,M,,,,,,,,,"2,85","1,3","2,1","2,8",,,,,,,,,,,,,,,,,,,,,,,,,,,,,,"2,8","2,8","6,157521601","0,03078760801","2,144136986","107,2068493",50,0,0,1,,
23227216,232272,2016,SecCan,NA,SC15,DIA,3,3,B,400,153,Mimosa acantholoba,"2,55","11,3",1,M,,,,,,,,,"3,4","3,08","1,8","5,6",,,,,,,,,,,,,,,,,,,,,,,,,,,,,,"5,6","5,6","24,6300864","0,06157521601","4,354247418","108,8561854",25,0,0,1,,
23228916,232289,2016,SecCan,NA,SC15,DIA,3,3,B,400,150,Mimosa acantholoba,"1,1","11,68",1,M,,,,,,,,,"4,5","2,2","2,4","5,9","4,4","10,2",,,,,,,,,,,,,,,,,,,,,,,,,,,,"4,4","10,2","124,2578434","0,3106446086","4,146902303","103,6725576",25,0,0,3,,
23231916,232319,2016,SecCan,NA,SC15,DIA,3,3,B,400,151,Mimosa acantholoba,"1,45","14,02",1,M,,,,,,,,,"5,38","2,09",2,"7,3","6,3",,,,,,,,,,,,,,,,,,,,,,,,,,,,,"6,3","7,3","73,02632123","0,1825658031","3,282964323","82,07410808",25,0,0,2,,
23232616,232326,2016,SecCan,NA,SC15,DIA,3,4,A,400,G23,Mimosa acantholoba,"4,21","15,32",1,M,,,,,2009,,,,"5,41",3,"1,5","7,2","5,9","5,8",,,,,,,,,,,,,,,,,,,,,,,,,,,,"5,8","7,2","94,47554508","0,2361888627","3,534291735","88,35729338",25,0,0,3,,
23233316,232333,2016,SecCan,NA,SC15,DIA,3,4,A,400,X011,Mimosa acantholoba,"2,95","16,56",1,M,,,,,2005,,,,"2,1",1,"1,1","7,9",,,,,,,,,,,,,,,,,,,,,,,,,,,,,,"7,9","7,9","49,01669938","0,1225417484","0,8639379797","21,59844949",25,0,0,1,TAG = X011,
23234016,232340,2016,SecCan,NA,SC15,DIA,3,4,A,400,320,Mimosa acantholoba,"3,97","17,2",1,M,,,,,2005,,,,"5,8","1,6","1,5","6,9",,,,,,,,,,,,,,,,,,,,,,,,,,,,,,"6,9","6,9","37,39280656","0,0934820164","1,884955592","47,1238898",25,0,0,1,Sin etiqueta,
23236416,232364,2016,SecCan,NA,SC15,DIA,4,1,A,100,178,Mimosa acantholoba,"0,38","2,41",1,M,,,,,,,,,"6,06","3,6","4,1","1,2",,,,,,,,,,,,,,,,,,,,,,,,,,,,,,"1,2","1,2","1,130973355","0,01130973355","11,59247689","1159,247689",100,0,0,1,,
23237116,232371,2016,SecCan,NA,SC15,DIA,4,1,A,400,327,Mimosa acantholoba,"1,37","3,86",1,M,,,,,2005,,,,"6,14","4,06","4,9","11,6","10,7",,,,,,,,,,,,,,,,,,,,,,,,,,,,,"10,7","11,6","195,6034126","0,4890085315","15,62471106","390,6177766",25,0,0,2,,
23239516,232395,2016,SecCan,NA,SC15,DIA,4,2,B,400,X012,Mimosa acantholoba,"0,33","5,97",1,1,4,6,,,,,,,"5,15","2,05","3,2","6,6","5,3",,,,,,,,,,,,,,,,,,,,,,,,,,,,,"5,3","6,6","56,27377841","0,140684446","5,152211952","128,8052988",25,0,0,2,TAG = X012,
23242516,232425,2016,SecCan,NA,SC15,DIA,4,2,B,400,180,Mimosa acantholoba,"1,74","6,67",1,0,,,,,,,,,"5,15","3,2","3,4","8,2","8,5","4,5",,,,,,,,,,,,,,,,,,,,,,,,,,,,"4,5","8,5","125,4595026","0,3136487566","8,545132018","213,6283004",25,0,0,3,,
23250016,232500,2016,SecCan,NA,SC15,DIA,4,3,A,400,186,Mimosa acantholoba,"0,9","14,5",1,M,,,,,,,,,"5,55","3,3","2,8","9,2","7,9","6,8",,,,,,,,,,,,,,,,,,,,,,,,,,,,"6,8","9,2","151,809611","0,3795240275","7,25707903","181,4269757",25,0,0,3,,
23252416,232524,2016,SecCan,NA,SC15,DIA,4,3,A,400,187,Mimosa acantholoba,"1,66","14,73",1,M,,,,,,,,,"5,63","1,5","1,1","11,7",,,,,,,,,,,,,,,,,,,,,,,,,,,,,,"11,7","11,7","107,5131546","0,2687828865","1,29590697","32,39767424",25,0,0,1,,