RUID,UID,Census,Set,SubSet,PlotNum,PlotCode,AbYr,PlotAge,Tra,Qua,Crit,Sample,Tag,Species,TaxRL,PosX,PosY,Sup,CAR,RecrYr,DeadYr,ExcYr,RincYr,NfouYr,Height,CovD1,CovD2,DBH01,DBH02,DBH03,DBH04,DBH05,DBH06,DBH07,DBH08,DBH09,DBH10,DBH11,DBH12,DBH13,DBH14,DBH15,DBH16,DBH17,DBH18,DBH19,DBH20,DBH21,DBH22,DBH23,DBH24,DBH25,DBH26,DBH27,DBH28,DBH29,DBH30,minDBH,maxDBH,Basal.cm2/plot,Basal.m2/ha,Cob.m2/plot,Cob.m2/ha,Dens.ha,Rec.ha,Mu.ha,Stems,Observaciones anuales
21789703,217897,2003,MatCan,NA,SC05,SEL,Mature,#VALUE!,3,1,C,500,200,Mimosa eurycarpa,S,0.26,1.8,1,,,2007,,,,2.68,3,0.54,5.3,,,,,,,,,,,,,,,,,,,,,,,,,,,,,,5.3,5.3,22.0618344098343,0.0441236688196686,1.27234502470387,25.4469004940773,20,0,0,1,
21771203,217712,2003,MatCan,NA,SC05,SEL,Mature,#VALUE!,3,1,C,500,186,Mimosa eurycarpa,S,1.46,4.99,1,,,2016,,,,3.6,2.29,2.87,9.6,,,,,,,,,,,,,,,,,,,,,,,,,,,,,,9.6,9.6,72.3822947387088,0.144764589477418,5.16187234929705,103.237446985941,20,0,0,1,
21760603,217606,2003,MatCan,NA,SC05,SEL,Mature,#VALUE!,3,3,B,375,177,Mimosa eurycarpa,S,3.45,13.56,1,,,2013,,,,4.36,2.5,2.8,4.3,,,,,,,,,,,,,,,,,,,,,,,,,,,,,,4.3,4.3,14.5220120412188,0.0387253654432502,5.49778714378214,146.607657167524,26.6666666666667,0,0,1,
21842903,218429,2003,MatCan,NA,SC05,SEL,Mature,#VALUE!,4,1,C,375,285,Mimosa eurycarpa,S,4.63,1.3,1,,,2005,,,,4.03,2.93,2.3,3.3,2.5,,,,,,,,,,,,,,,,,,,,,,,,,,,,,2.5,3.3,13.4617245206323,0.0358979320550194,5.2927982231354,141.141285950277,26.6666666666667,0,0,2,"caida mta, c/ rebrot vert. vivos"
21811503,218115,2003,MatCan,NA,SC05,SEL,Mature,#VALUE!,4,3,B,500,244,Mimosa eurycarpa,S,0.85,11.65,1,,,2005,,,,5.76,4.76,1.6,3.65,7.3,,,,,,,,,,,,,,,,,,,,,,,,,,,,,3.65,7.3,52.3173351593125,0.104634670318625,5.98159241243497,119.631848248699,20,0,0,2,
21795803,217958,2003,MatCan,NA,SC05,SEL,Mature,#VALUE!,4,4,A,500,241,Mimosa eurycarpa,S,2.2,17.82,1,,,2016,,,,3.64,4.08,4,8.6,,,,,,,,,,,,,,,,,,,,,,,,,,,,,,8.6,8.6,58.0880481648753,0.116176096329751,12.8176980266464,256.353960532927,20,0,0,1,
21789704,217897,2004,MatCan,NA,SC05,SEL,Mature,#VALUE!,3,1,C,500,200,Mimosa eurycarpa,S,0.26,1.8,1,,,2007,,,,2.86,,,5.3,,,,,,,,,,,,,,,,,,,,,,,,,,,,,,5.3,5.3,22.0618344098343,0.0441236688196686,0,0,20,0,0,1,
21771204,217712,2004,MatCan,NA,SC05,SEL,Mature,#VALUE!,3,1,C,500,186,Mimosa eurycarpa,S,1.46,4.99,1,,,2016,,,,4.7,,,9.8,,,,,,,,,,,,,,,,,,,,,,,,,,,,,,9.8,9.8,75.429639612691,0.150859279225382,0,0,20,0,0,1,
21760604,217606,2004,MatCan,NA,SC05,SEL,Mature,#VALUE!,3,3,B,375,177,Mimosa eurycarpa,S,3.45,13.56,1,,,2013,,,,4.9,,,4.35,,,,,,,,,,,,,,,,,,,,,,,,,,,,,,4.35,4.35,14.8616967468882,0.0396311913250352,0,0,26.6666666666667,0,0,1,
21842904,218429,2004,MatCan,NA,SC05,SEL,Mature,#VALUE!,4,1,C,375,285,Mimosa eurycarpa,S,4.63,1.3,1,,,2005,,,,4.05,,,2.5,,,,,,,,,,,,,,,,,,,,,,,,,,,,,,2.5,2.5,4.90873852123405,0.0130899693899575,0,0,26.6666666666667,0,0,1,con rama mta
21811504,218115,2004,MatCan,NA,SC05,SEL,Mature,#VALUE!,4,3,B,500,244,Mimosa eurycarpa,S,0.85,11.65,1,,,2005,,,,5.45,,,7.3,,,,,,,,,,,,,,,,,,,,,,,,,,,,,,7.3,7.3,41.85386812745,0.0837077362549,0,0,20,0,0,1,"dap 3.6 mto, dap 7.3 casi mta, c/reb"
21795804,217958,2004,MatCan,NA,SC05,SEL,Mature,#VALUE!,4,4,A,500,241,Mimosa eurycarpa,S,2.2,17.82,1,,,2016,,,,5,,,8.8,,,,,,,,,,,,,,,,,,,,,,,,,,,,,,8.8,8.8,60.8212337734984,0.121642467546997,0,0,20,0,0,1,Crece junto a un tocon grande de 20cm diam
21789705,217897,2005,MatCan,NA,SC05,SEL,Mature,#VALUE!,3,1,C,500,200,Mimosa eurycarpa,S,0.26,1.8,1,,,2007,,,,3.08,2.4,2,5.4,,,,,,,,,,,,,,,,,,,,,,,,,,,,,,5.4,5.4,22.9022104446696,0.0458044208893392,3.76991118430775,75.398223686155,20,0,0,1,
21771205,217712,2005,MatCan,NA,SC05,SEL,Mature,#VALUE!,3,1,C,500,186,Mimosa eurycarpa,S,1.46,4.99,1,,,2016,,,,4.65,3.75,4,10.2,,,,,,,,,,,,,,,,,,,,,,,,,,,,,,10.2,10.2,81.7128249198705,0.163425649839741,11.7809724509617,235.619449019234,20,0,0,1,
21760605,217606,2005,MatCan,NA,SC05,SEL,Mature,#VALUE!,3,3,B,375,177,Mimosa eurycarpa,S,3.45,13.56,1,,,2013,,,,4.95,2.5,3.1,4.6,,,,,,,,,,,,,,,,,,,,,,,,,,,,,,4.6,4.6,16.61902513749,0.04431740036664,6.08683576633022,162.315620435473,26.6666666666667,0,0,1,
21759005,217590,2005,MatCan,NA,SC05,SEL,Mature,#VALUE!,3,3,B,375,381,Mimosa eurycarpa,S,0.3,13.6,1,,2005,2016,2015,,,4.55,2.2,2.6,2.65,,,,,,,,,,,,,,,,,,,,,,,,,,,,,,2.65,2.65,5.51545860245858,0.0147078896065562,4.4924774946334,119.799399856891,26.6666666666667,26.6666666666667,0,1,
21842905,218429,2005,MatCan,NA,SC05,SEL,Mature,#VALUE!,4,1,C,500,285,Mimosa eurycarpa,S,4.63,1.3,,,,2005,,,,,,,,,,,,,,,,,,,,,,,,,,,,,,,,,,,,,,,,,,,,0,1,,muerta
21811505,218115,2005,MatCan,NA,SC05,SEL,Mature,#VALUE!,4,3,B,500,244,Mimosa eurycarpa,S,0.85,11.65,,,,2005,,,,,,,,,,,,,,,,,,,,,,,,,,,,,,,,,,,,,,,,,,,,0,1,,muerta en pie
21795805,217958,2005,MatCan,NA,SC05,SEL,Mature,#VALUE!,4,4,A,500,241,Mimosa eurycarpa,S,2.2,17.82,1,,,2016,,,,6.43,3.6,4.6,9.5,,,,,,,,,,,,,,,,,,,,,,,,,,,,,,9.5,9.5,70.8821842466197,0.141764368493239,13.0061935858617,260.123871717235,20,0,0,1,
21789706,217897,2006,MatCan,NA,SC05,SEL,Mature,#VALUE!,3,1,C,500,200,Mimosa eurycarpa,S,0.26,1.8,1,,,2007,,,,3.15,,,5.6,,,,,,,,,,,,,,,,,,,,,,,,,,,,,,5.6,5.6,24.630086404144,0.049260172808288,0,0,20,0,0,1,
21771206,217712,2006,MatCan,NA,SC05,SEL,Mature,#VALUE!,3,1,C,500,186,Mimosa eurycarpa,S,1.46,4.99,1,,,2016,,,,4.8,,,10.35,,,,,,,,,,,,,,,,,,,,,,,,,,,,,,10.35,10.35,84.1338147585431,0.168267629517086,0,0,20,0,0,1,
21760606,217606,2006,MatCan,NA,SC05,SEL,Mature,#VALUE!,3,3,B,375,177,Mimosa eurycarpa,S,3.45,13.56,1,,,2013,,,,5.32,,,4.6,,,,,,,,,,,,,,,,,,,,,,,,,,,,,,4.6,4.6,16.61902513749,0.04431740036664,0,0,26.6666666666667,0,0,1,
21759006,217590,2006,MatCan,NA,SC05,SEL,Mature,#VALUE!,3,3,B,375,381,Mimosa eurycarpa,S,0.3,13.6,1,,2005,2016,2015,,,4.24,2.2,2.6,2.7,,,,,,,,,,,,,,,,,,,,,,,,,,,,,,2.7,2.7,5.7255526111674,0.0152681402964464,4.4924774946334,119.799399856891,26.6666666666667,0,0,1,
21842906,218429,2006,MatCan,NA,SC05,SEL,Mature,#VALUE!,4,1,C,500,285,Mimosa eurycarpa,S,4.63,1.3,,,,2005,,,,,,,,,,,,,,,,,,,,,,,,,,,,,,,,,,,,,,,,,,,,0,0,,muerta
21811506,218115,2006,MatCan,NA,SC05,SEL,Mature,#VALUE!,4,3,B,500,244,Mimosa eurycarpa,S,0.85,11.65,,,,2005,,,,,,,,,,,,,,,,,,,,,,,,,,,,,,,,,,,,,,,,,,,,0,0,,muerta en pie
21795806,217958,2006,MatCan,NA,SC05,SEL,Mature,#VALUE!,4,4,A,500,241,Mimosa eurycarpa,S,2.2,17.82,1,,,2016,,,,5.47,,,9.4,,,,,,,,,,,,,,,,,,,,,,,,,,,,,,9.4,9.4,69.3977817177985,0.138795563435597,0,0,20,0,0,1,
21789707,217897,2007,MatCan,NA,SC05,SEL,Mature,#VALUE!,3,1,C,500,200,Mimosa eurycarpa,S,0.26,1.8,,,,2007,,,,,,,,,,,,,,,,,,,,,,,,,,,,,,,,,,,,,,,,,,,,0,1,,
21771207,217712,2007,MatCan,NA,SC05,SEL,Mature,#VALUE!,3,1,C,500,186,Mimosa eurycarpa,S,1.46,4.99,1,,,2016,,,,4.85,4.62,4.7,11.3,,,,,,,,,,,,,,,,,,,,,,,,,,,,,,11.3,11.3,100.28749148422,0.20057498296844,17.0541357200122,341.082714400244,20,0,0,1,
21760607,217606,2007,MatCan,NA,SC05,SEL,Mature,#VALUE!,3,3,B,375,177,Mimosa eurycarpa,S,3.45,13.56,1,,,2013,,,,4.98,2.5,3.97,4.8,,,,,,,,,,,,,,,,,,,,,,,,,,,,,,4.8,4.8,18.0955736846772,0.0482548631591392,7.79507677171968,207.868713912525,26.6666666666667,0,0,1,
21759007,217590,2007,MatCan,NA,SC05,SEL,Mature,#VALUE!,3,3,B,375,381,Mimosa eurycarpa,S,0.3,13.6,1,,2005,2016,2015,,,4.35,3.58,3.6,3.1,,,,,,,,,,,,,,,,,,,,,,,,,,,,,,3.1,3.1,7.54767635024948,0.0201271369339986,10.1222115298663,269.925640796435,26.6666666666667,0,0,1,
21842907,218429,2007,MatCan,NA,SC05,SEL,Mature,#VALUE!,4,1,C,500,285,Mimosa eurycarpa,S,4.63,1.3,,,,2005,,,,,,,,,,,,,,,,,,,,,,,,,,,,,,,,,,,,,,,,,,,,0,0,,
21811507,218115,2007,MatCan,NA,SC05,SEL,Mature,#VALUE!,4,3,B,500,244,Mimosa eurycarpa,S,0.85,11.65,,,,2005,,,,,,,,,,,,,,,,,,,,,,,,,,,,,,,,,,,,,,,,,,,,0,0,,
21795807,217958,2007,MatCan,NA,SC05,SEL,Mature,#VALUE!,4,4,A,500,241,Mimosa eurycarpa,S,2.2,17.82,1,,,2016,,,,5.35,4.05,2.63,10.4,,,,,,,,,,,,,,,,,,,,,,,,,,,,,,10.4,10.4,84.948665353068,0.169897330706136,8.36566853742792,167.313370748558,20,0,0,1,
12226208,122262,2008,MatCan,Phy,MP02,ISA,Mature,#VALUE!,5,2,B,500,1142,Mimosa eurycarpa,S,1.92,6.2,1,,,2016,,,,5.88,5.6,3.5,11.77743825,,,,,,,,,,,,,,,,,,,,,,,,,,,,,,11.77743825,11.77743825,108.941049079193,0.217882098158386,15.39380400259,307.8760800518,20,0,0,1,
13312208,133122,2008,MatCan,Phy,MP04,LE1,Mature,#VALUE!,3,1,B,375,Y424,Mimosa eurycarpa,S,3.88,2.53,1,,,,,,,5.12,1.5,2.89,4.1,,,,,,,,,,,,,,,,,,,,,,,,,,,,,,4.1,4.1,13.2025431267111,0.0352067816712296,3.40470103832794,90.792027688745,26.6666666666667,0,0,1,Incluir desde 2008.
21789708,217897,2008,MatCan,NA,SC05,SEL,Mature,#VALUE!,3,1,C,500,200,Mimosa eurycarpa,S,0.26,1.8,,,,2007,,,,,,,,,,,,,,,,,,,,,,,,,,,,,,,,,,,,,,,,,,,,0,0,,
21771208,217712,2008,MatCan,NA,SC05,SEL,Mature,#VALUE!,3,1,C,500,186,Mimosa eurycarpa,S,1.46,4.99,1,,,2016,,,,5.6,4.6,4.5,11,,,,,,,,,,,,,,,,,,,,,,,,,,,,,,11,11,95.0331777710912,0.190066355542182,16.2577419823272,325.154839646544,20,0,0,1,
21760608,217606,2008,MatCan,NA,SC05,SEL,Mature,#VALUE!,3,3,B,500,177,Mimosa eurycarpa,S,3.45,13.56,1,,,2013,,,,5.05,2.8,3.4,5.2,,,,,,,,,,,,,,,,,,,,,,,,,,,,,,5.2,5.2,21.237166338267,0.042474332676534,7.47699051554371,149.539810310874,20,0,0,1,
21759008,217590,2008,MatCan,NA,SC05,SEL,Mature,#VALUE!,3,3,B,375,381,Mimosa eurycarpa,S,0.3,13.6,1,,2005,2016,2015,,,4.8,2.3,2.1,3,,,,,,,,,,,,,,,,,,,,,,,,,,,,,,3,3,7.06858347057703,0.0188495559215388,3.79347312920967,101.159283445591,26.6666666666667,0,0,1,
21842908,218429,2008,MatCan,NA,SC05,SEL,Mature,#VALUE!,4,1,C,500,285,Mimosa eurycarpa,S,4.63,1.3,,,,2005,,,,,,,,,,,,,,,,,,,,,,,,,,,,,,,,,,,,,,,,,,,,0,0,,
21811508,218115,2008,MatCan,NA,SC05,SEL,Mature,#VALUE!,4,3,B,500,244,Mimosa eurycarpa,S,0.85,11.65,,,,2005,,,,,,,,,,,,,,,,,,,,,,,,,,,,,,,,,,,,,,,,,,,,0,0,,
21795808,217958,2008,MatCan,NA,SC05,SEL,Mature,#VALUE!,4,4,A,500,241,Mimosa eurycarpa,S,2.2,17.82,1,,,2016,,,,5.75,3.8,4.3,10.5,,,,,,,,,,,,,,,,,,,,,,,,,,,,,,10.5,10.5,86.5901475145687,0.173180295029137,12.8334059899143,256.668119798286,20,0,0,1,
12226209,122262,2009,MatCan,Phy,MP02,ISA,Mature,#VALUE!,5,2,B,500,1142,Mimosa eurycarpa,S,1.92,6.2,1,,,2016,,,,5.88,3.5,6,10,,,,,,,,,,,,,,,,,,,,,,,,,,,,,,10,10,78.5398163397448,0.15707963267949,16.4933614313464,329.867228626928,20,0,0,1,
13312209,133122,2009,MatCan,Phy,MP04,LE1,Mature,#VALUE!,3,1,B,375,Y424,Mimosa eurycarpa,S,3.88,2.53,1,,,,,,,5.12,1.5,2.89,4.1,,,,,,,,,,,,,,,,,,,,,,,,,,,,,,4.1,4.1,13.2025431267111,0.0352067816712296,3.40470103832794,90.792027688745,26.6666666666667,0,0,1,Incluir desde 2008.
21789709,217897,2009,MatCan,NA,SC05,SEL,Mature,#VALUE!,3,1,C,500,200,Mimosa eurycarpa,S,0.26,1.8,,,,2007,,,,,,,,,,,,,,,,,,,,,,,,,,,,,,,,,,,,,,,,,,,,0,0,,
21771209,217712,2009,MatCan,NA,SC05,SEL,Mature,#VALUE!,3,1,C,500,186,Mimosa eurycarpa,S,1.46,4.99,1,,,2016,,,,4.8,4.95,5.2,11.2,,,,,,,,,,,,,,,,,,,,,,,,,,,,,,11.2,11.2,98.5203456165759,0.197040691233152,20.2161487258503,404.322974517006,20,0,0,1,
21760609,217606,2009,MatCan,NA,SC05,SEL,Mature,#VALUE!,3,3,B,500,177,Mimosa eurycarpa,S,3.45,13.56,1,,,2013,,,,4.56,4.4,3.5,5.3,,,,,,,,,,,,,,,,,,,,,,,,,,,,,,5.3,5.3,22.0618344098343,0.0441236688196686,12.0951317163207,241.902634326414,20,0,0,1,
21759009,217590,2009,MatCan,NA,SC05,SEL,Mature,#VALUE!,3,3,B,375,381,Mimosa eurycarpa,S,0.3,13.6,1,,2005,2016,2015,,,4.65,2.9,2.85,2.9,,,,,,,,,,,,,,,,,,,,,,,,,,,,,,2.9,2.9,6.60519855417254,0.0176138628111268,6.49131582047991,173.101755212798,26.6666666666667,0,0,1,
21842909,218429,2009,MatCan,NA,SC05,SEL,Mature,#VALUE!,4,1,C,500,285,Mimosa eurycarpa,S,4.63,1.3,,,,2005,,,,,,,,,,,,,,,,,,,,,,,,,,,,,,,,,,,,,,,,,,,,0,0,,
21811509,218115,2009,MatCan,NA,SC05,SEL,Mature,#VALUE!,4,3,B,500,244,Mimosa eurycarpa,S,0.85,11.65,,,,2005,,,,,,,,,,,,,,,,,,,,,,,,,,,,,,,,,,,,,,,,,,,,0,0,,
21795809,217958,2009,MatCan,NA,SC05,SEL,Mature,#VALUE!,4,4,A,500,241,Mimosa eurycarpa,S,2.2,17.82,1,,,2016,,,,5.8,3.28,4.28,11,,,,,,,,,,,,,,,,,,,,,,,,,,,,,,11,11,95.0331777710912,0.190066355542182,11.0257335770387,220.514671540775,20,0,0,1,
12226210,122262,2010,MatCan,Phy,MP02,ISA,Mature,#VALUE!,5,2,B,500,1142,Mimosa eurycarpa,S,1.92,6.2,1,,,2016,,,,5.9,3.5,6,10,,,,,,,,,,,,,,,,,,,,,,,,,,,,,,10,10,78.5398163397448,0.15707963267949,16.4933614313464,329.867228626928,20,0,0,1,
13312210,133122,2010,MatCan,Phy,MP04,LE1,Mature,#VALUE!,3,1,B,375,Y424,Mimosa eurycarpa,S,3.88,2.53,1,,,,,,,5.12,1.5,2.89,4.1,,,,,,,,,,,,,,,,,,,,,,,,,,,,,,4.1,4.1,13.2025431267111,0.0352067816712296,3.40470103832794,90.792027688745,26.6666666666667,0,0,1,Incluir desde 2008.
21789710,217897,2010,MatCan,NA,SC05,SEL,Mature,#VALUE!,3,1,C,500,200,Mimosa eurycarpa,S,0.26,1.8,,,,2007,,,,,,,,,,,,,,,,,,,,,,,,,,,,,,,,,,,,,,,,,,,,0,0,,
21771210,217712,2010,MatCan,NA,SC05,SEL,Mature,#VALUE!,3,1,C,500,186,Mimosa eurycarpa,S,1.46,4.99,1,,,2016,,,,5,,,9.9,,,,,,,,,,,,,,,,,,,,,,,,,,,,,,9.9,9.9,76.9768739945839,0.153953747989168,0,0,20,0,0,1,inclinada
21760610,217606,2010,MatCan,NA,SC05,SEL,Mature,#VALUE!,3,3,B,500,177,Mimosa eurycarpa,S,3.45,13.56,1,,,2013,,,,4.8,2.9,3.6,5.4,,,,,,,,,,,,,,,,,,,,,,,,,,,,,,5.4,5.4,22.9022104446696,0.0458044208893392,8.19955682586936,163.991136517387,20,0,0,1,
21759010,217590,2010,MatCan,NA,SC05,SEL,Mature,#VALUE!,3,3,B,375,381,Mimosa eurycarpa,S,0.3,13.6,1,,2005,2016,2015,,,5,2.9,3.3,2.85,,,,,,,,,,,,,,,,,,,,,,,,,,,,,,2.85,2.85,6.37939658219577,0.0170117242191887,7.51626042371358,200.433611299029,26.6666666666667,0,0,1,d del 09
21842910,218429,2010,MatCan,NA,SC05,SEL,Mature,#VALUE!,4,1,C,500,285,Mimosa eurycarpa,S,4.63,1.3,,,,2005,,,,,,,,,,,,,,,,,,,,,,,,,,,,,,,,,,,,,,,,,,,,0,0,,
21811510,218115,2010,MatCan,NA,SC05,SEL,Mature,#VALUE!,4,3,B,500,244,Mimosa eurycarpa,S,0.85,11.65,,,,2005,,,,,,,,,,,,,,,,,,,,,,,,,,,,,,,,,,,,,,,,,,,,0,0,,
21795810,217958,2010,MatCan,NA,SC05,SEL,Mature,#VALUE!,4,4,A,500,241,Mimosa eurycarpa,S,2.2,17.82,1,,,2016,,,,5.9,4.5,2.9,11.5,,,,,,,,,,,,,,,,,,,,,,,,,,,,,,11.5,11.5,103.868907109313,0.207737814218625,10.2494460323367,204.988920646734,20,0,0,1,inclinada la coccoloba le quita lugar
12226211,122262,2011,MatCan,Phy,MP02,ISA,Mature,#VALUE!,5,2,B,500,1142,Mimosa eurycarpa,S,1.92,6.2,1,,,2016,,,,6,3.5,6,10,,,,,,,,,,,,,,,,,,,,,,,,,,,,,,10,10,78.5398163397448,0.15707963267949,16.4933614313464,329.867228626928,20,0,0,1,
13312211,133122,2011,MatCan,Phy,MP04,LE1,Mature,#VALUE!,3,1,B,375,Y424,Mimosa eurycarpa,S,3.88,2.53,1,,,,,,,5.12,1.5,2.89,4.1,,,,,,,,,,,,,,,,,,,,,,,,,,,,,,4.1,4.1,13.2025431267111,0.0352067816712296,3.40470103832794,90.792027688745,26.6666666666667,0,0,1,Incluir desde 2008.
21789711,217897,2011,MatCan,NA,SC05,SEL,Mature,#VALUE!,3,1,C,500,200,Mimosa eurycarpa,S,0.26,1.8,,,,2007,,,,,,,,,,,,,,,,,,,,,,,,,,,,,,,,,,,,,,,,,,,,0,0,,
21771211,217712,2011,MatCan,NA,SC05,SEL,Mature,#VALUE!,3,1,C,500,186,Mimosa eurycarpa,S,1.46,4.99,1,,,2016,,,,5.3,,,9.9,,,,,,,,,,,,,,,,,,,,,,,,,,,,,,9.9,9.9,76.9768739945839,0.153953747989168,0,0,20,0,0,1,inclinada. Sin etiqueta
21760611,217606,2011,MatCan,NA,SC05,SEL,Mature,#VALUE!,3,3,B,500,177,Mimosa eurycarpa,S,3.45,13.56,1,,,2013,,,,4.9,2.6,3.1,5,,,,,,,,,,,,,,,,,,,,,,,,,,,,,,5,5,19.6349540849362,0.0392699081698724,6.33030919698343,126.606183939669,20,0,0,1,
21759011,217590,2011,MatCan,NA,SC05,SEL,Mature,#VALUE!,3,3,B,375,381,Mimosa eurycarpa,S,0.3,13.6,1,,2005,2016,2015,,,5.1,2.7,3.2,3,,,,,,,,,,,,,,,,,,,,,,,,,,,,,,3,3,7.06858347057703,0.0188495559215388,6.78584013175395,180.955736846772,26.6666666666667,0,0,1,
21842911,218429,2011,MatCan,NA,SC05,SEL,Mature,#VALUE!,4,1,C,500,285,Mimosa eurycarpa,S,4.63,1.3,,,,2005,,,,,,,,,,,,,,,,,,,,,,,,,,,,,,,,,,,,,,,,,,,,0,0,,
21811511,218115,2011,MatCan,NA,SC05,SEL,Mature,#VALUE!,4,3,B,500,244,Mimosa eurycarpa,S,0.85,11.65,,,,2005,,,,,,,,,,,,,,,,,,,,,,,,,,,,,,,,,,,,,,,,,,,,0,0,,
21795811,217958,2011,MatCan,NA,SC05,SEL,Mature,#VALUE!,4,4,A,500,241,Mimosa eurycarpa,S,2.2,17.82,1,,,2016,,,,5.9,4.4,5.1,12,,,,,,,,,,,,,,,,,,,,,,,,,,,,,,12,12,113.097335529233,0.226194671058465,17.6243347866387,352.486695732775,20,0,0,1,inclinada. la coccoloba le quita lugar
12074512,120745,2012,MatCan,Phy,MP02,ISA,Mature,#VALUE!,1,1,C,500,A47,Mimosa eurycarpa,S,4.1,3.05,1,,2012,2016,2015,,,2.72,1.72,0.2,10.3,,,,,,,,,,,,,,,,,,,,,,,,,,,,,,10.3,10.3,83.3228911548353,0.166645782309671,0.270176968208722,5.40353936417445,20,20,0,1,
12226212,122262,2012,MatCan,Phy,MP02,ISA,Mature,#VALUE!,5,2,B,500,1142,Mimosa eurycarpa,S,1.92,6.2,1,,,2016,,,,6.2,4.28018691180654,4.28018691180654,11.5,,,,,,,,,,,,,,,,,,,,,,,,,,,,,,11.5,11.5,103.868907109313,0.207737814218625,14.3884943534413,287.769887068825,20,0,0,1,
13312212,133122,2012,MatCan,Phy,MP04,LE1,Mature,#VALUE!,3,1,B,375,Y424,Mimosa eurycarpa,S,3.88,2.53,1,,,,,,,5.12,1.5,2.89,4.1,,,,,,,,,,,,,,,,,,,,,,,,,,,,,,4.1,4.1,13.2025431267111,0.0352067816712296,3.40470103832794,90.792027688745,26.6666666666667,0,0,1,Incluir desde 2008.
21789712,217897,2012,MatCan,NA,SC05,SEL,Mature,#VALUE!,3,1,C,500,200,Mimosa eurycarpa,S,0.26,1.8,,,,2007,,,,,,,,,,,,,,,,,,,,,,,,,,,,,,,,,,,,,,,,,,,,0,0,,
21771212,217712,2012,MatCan,NA,SC05,SEL,Mature,#VALUE!,3,1,C,500,186,Mimosa eurycarpa,S,1.46,4.99,1,,,2016,,,,5.55,2.2,3.6,10,,,,,,,,,,,,,,,,,,,,,,,,,,,,,,10,10,78.5398163397448,0.15707963267949,6.22035345410779,124.407069082156,20,0,0,1,
21760612,217606,2012,MatCan,NA,SC05,SEL,Mature,#VALUE!,3,3,B,500,177,Mimosa eurycarpa,S,3.45,13.56,1,,,2013,,,,4.99,2.8,1.9,5.3,,,,,,,,,,,,,,,,,,,,,,,,,,,,,,5.3,5.3,22.0618344098343,0.0441236688196686,4.17831822927442,83.5663645854885,20,0,0,1,
21759012,217590,2012,MatCan,NA,SC05,SEL,Mature,#VALUE!,3,3,B,375,381,Mimosa eurycarpa,S,0.3,13.6,1,,2005,2016,2015,,,4.02,0.86,1.52,3,,,,,,,,,,,,,,,,,,,,,,,,,,,,,,3,3,7.06858347057703,0.0188495559215388,1.02667247919314,27.3779327784838,26.6666666666667,0,0,1,
21842912,218429,2012,MatCan,NA,SC05,SEL,Mature,#VALUE!,4,1,C,500,285,Mimosa eurycarpa,S,4.63,1.3,,,,2005,,,,,,,,,,,,,,,,,,,,,,,,,,,,,,,,,,,,,,,,,,,,0,0,,
21811512,218115,2012,MatCan,NA,SC05,SEL,Mature,#VALUE!,4,3,B,500,244,Mimosa eurycarpa,S,0.85,11.65,,,,2005,,,,,,,,,,,,,,,,,,,,,,,,,,,,,,,,,,,,,,,,,,,,0,0,,
21795812,217958,2012,MatCan,NA,SC05,SEL,Mature,#VALUE!,4,4,A,500,241,Mimosa eurycarpa,S,2.2,17.82,1,,,2016,,,,6.3,4.06,3.15,12.6,,,,,,,,,,,,,,,,,,,,,,,,,,,,,,12.6,12.6,124.689812420979,0.249379624841958,10.04445711169,200.889142233799,20,0,0,1,
12074513,120745,2013,MatCan,Phy,MP02,ISA,Mature,#VALUE!,1,1,C,500,A47,Mimosa eurycarpa,S,4.1,3.05,1,,2012,2016,2015,,,4.2,6.1,6.6,11.6,,,,,,,,,,,,,,,,,,,,,,,,,,,,,,11.6,11.6,105.683176866761,0.211366353733521,31.6201300583813,632.402601167625,20,0,0,1,
12226213,122262,2013,MatCan,Phy,MP02,ISA,Mature,#VALUE!,5,2,B,500,1142,Mimosa eurycarpa,S,1.92,6.2,1,,,2016,,,,6.4,3.4,4.6,12.1,,,,,,,,,,,,,,,,,,,,,,,,,,,,,,12.1,12.1,114.99014510302,0.229980290206041,12.2836272755361,245.672545510722,20,0,0,1,
13312213,133122,2013,MatCan,Phy,MP04,LE1,Mature,#VALUE!,3,1,B,375,Y424,Mimosa eurycarpa,S,3.88,2.53,1,,,,,,,5.12,1.5,2.89,4.1,,,,,,,,,,,,,,,,,,,,,,,,,,,,,,4.1,4.1,13.2025431267111,0.0352067816712296,3.40470103832794,90.792027688745,26.6666666666667,0,0,1,Incluir desde 2008.
21789713,217897,2013,MatCan,NA,SC05,SEL,Mature,#VALUE!,3,1,C,500,200,Mimosa eurycarpa,S,0.26,1.8,,,,2007,,,,,,,,,,,,,,,,,,,,,,,,,,,,,,,,,,,,,,,,,,,,0,0,,
21771213,217712,2013,MatCan,NA,SC05,SEL,Mature,#VALUE!,3,1,C,500,186,Mimosa eurycarpa,S,1.46,4.99,1,,,2016,,,,4.34,2.84,2.4,10.3,,,,,,,,,,,,,,,,,,,,,,,,,,,,,,10.3,10.3,83.3228911548353,0.166645782309671,5.35327388171701,107.06547763434,20,0,0,1,inclinada. Junto 191 casi muerta
21760613,217606,2013,MatCan,NA,SC05,SEL,Mature,#VALUE!,3,3,B,500,177,Mimosa eurycarpa,S,3.45,13.56,,,,2013,,,,,,,,,,,,,,,,,,,,,,,,,,,,,,,,,,,,,,,,,,,,0,1,,
21759013,217590,2013,MatCan,NA,SC05,SEL,Mature,#VALUE!,3,3,B,375,381,Mimosa eurycarpa,S,0.3,13.6,1,,2005,2016,2015,,,4.15,0.7,0.8,3,,,,,,,,,,,,,,,,,,,,,,,,,,,,,,3,3,7.06858347057703,0.0188495559215388,0.439822971502571,11.7286125734019,26.6666666666667,0,0,1,
21842913,218429,2013,MatCan,NA,SC05,SEL,Mature,#VALUE!,4,1,C,500,285,Mimosa eurycarpa,S,4.63,1.3,,,,2005,,,,,,,,,,,,,,,,,,,,,,,,,,,,,,,,,,,,,,,,,,,,0,0,,
21811513,218115,2013,MatCan,NA,SC05,SEL,Mature,#VALUE!,4,3,B,500,244,Mimosa eurycarpa,S,0.85,11.65,,,,2005,,,,,,,,,,,,,,,,,,,,,,,,,,,,,,,,,,,,,,,,,,,,0,0,,
21795813,217958,2013,MatCan,NA,SC05,SEL,Mature,#VALUE!,4,4,A,500,241,Mimosa eurycarpa,S,2.2,17.82,1,,,2016,,,,6.15,2.9,2.5,12.8,,,,,,,,,,,,,,,,,,,,,,,,,,,,,,12.8,12.8,128.679635091038,0.257359270182076,5.6941366846315,113.88273369263,20,0,0,1,
12074514,120745,2014,MatCan,Phy,MP02,ISA,Mature,#VALUE!,1,1,C,375,A47,Mimosa eurycarpa,S,4.1,3.05,1,,2012,2016,2015,,,3.37,8.29,4,4.2,,,,,,,,,,,,,,,,,,,,,,,,,,,,,,4.2,4.2,13.854423602331,0.036945129606216,26.0438030982594,694.501415953584,26.6666666666667,0,0,1,
12226214,122262,2014,MatCan,Phy,MP02,ISA,Mature,#VALUE!,5,2,B,500,1142,Mimosa eurycarpa,S,1.92,6.2,1,,,2016,,,,5.96,4.56,3.55,11.8,,,,,,,,,,,,,,,,,,,,,,,,,,,,,,11.8,11.8,109.358840271461,0.218717680542921,12.7140254690779,254.280509381558,20,0,0,1,
13312214,133122,2014,MatCan,Phy,MP04,LE1,Mature,#VALUE!,3,1,B,375,Y424,Mimosa eurycarpa,S,3.88,2.53,1,,,,,,,5.12,1.5,2.89,4.1,,,,,,,,,,,,,,,,,,,,,,,,,,,,,,4.1,4.1,13.2025431267111,0.0352067816712296,3.40470103832794,90.792027688745,26.6666666666667,0,0,1,Incluir desde 2008.
21789714,217897,2014,MatCan,NA,SC05,SEL,Mature,#VALUE!,3,1,C,500,200,Mimosa eurycarpa,S,0.26,1.8,,,,2007,,,,,,,,,,,,,,,,,,,,,,,,,,,,,,,,,,,,,,,,,,,,0,0,,
21771214,217712,2014,MatCan,NA,SC05,SEL,Mature,#VALUE!,3,1,C,500,186,Mimosa eurycarpa,S,1.46,4.99,1,,,2016,,,,4.1,3.9,4.4,10.5,,,,,,,,,,,,,,,,,,,,,,,,,,,,,,10.5,10.5,86.5901475145687,0.173180295029137,13.4774324839002,269.548649678004,20,0,0,1,Reubicado arriba. inclinada. Junto 191 casi muerta
21760614,217606,2014,MatCan,NA,SC05,SEL,Mature,#VALUE!,3,3,B,500,177,Mimosa eurycarpa,S,3.45,13.56,,,,2013,,,,,,,,,,,,,,,,,,,,,,,,,,,,,,,,,,,,,,,,,,,,0,0,,
21759014,217590,2014,MatCan,NA,SC05,SEL,Mature,#VALUE!,3,3,B,375,381,Mimosa eurycarpa,S,0.3,13.6,1,,2005,2016,2015,,,3.73,0.82,0.72,3,,,,,,,,,,,,,,,,,,,,,,,,,,,,,,3,3,7.06858347057703,0.0188495559215388,0.463699075669853,12.3653086845294,26.6666666666667,0,0,1,
21842914,218429,2014,MatCan,NA,SC05,SEL,Mature,#VALUE!,4,1,C,500,285,Mimosa eurycarpa,S,4.63,1.3,,,,2005,,,,,,,,,,,,,,,,,,,,,,,,,,,,,,,,,,,,,,,,,,,,0,0,,
21811514,218115,2014,MatCan,NA,SC05,SEL,Mature,#VALUE!,4,3,B,500,244,Mimosa eurycarpa,S,0.85,11.65,,,,2005,,,,,,,,,,,,,,,,,,,,,,,,,,,,,,,,,,,,,,,,,,,,0,0,,
21795814,217958,2014,MatCan,NA,SC05,SEL,Mature,#VALUE!,4,4,A,500,241,Mimosa eurycarpa,S,2.2,17.82,1,,,2016,,,,4.98,3.07,2.63,12.4,,,,,,,,,,,,,,,,,,,,,,,,,,,,,,12.4,12.4,120.762821603992,0.241525643207983,6.34138331108734,126.827666221747,20,0,0,1,
12074515,120745,2015,MatCan,Phy,MP02,ISA,Mature,#VALUE!,1,1,C,500,A47,Mimosa eurycarpa,S,4.1,3.05,,,2012,2016,2015,,,,,,,,,,,,,,,,,,,,,,,,,,,,,,,,,,,,,,,,,,,0,0,,2015: Casi caido ya no entra.
12226215,122262,2015,MatCan,Phy,MP02,ISA,Mature,#VALUE!,5,2,B,500,1142,Mimosa eurycarpa,S,1.92,6.2,1,,,2016,,,,7.8,4.18,2.1,11.4,,,,,,,,,,,,,,,,,,,,,,,,,,,,,,11.4,11.4,102.070345315132,0.204140690630265,6.8942250783028,137.884501566056,20,0,0,1,
13312215,133122,2015,MatCan,Phy,MP04,LE1,Mature,#VALUE!,3,1,B,375,Y424,Mimosa eurycarpa,S,3.88,2.53,1,,,,,,,5.12,1.5,2.89,4.1,,,,,,,,,,,,,,,,,,,,,,,,,,,,,,4.1,4.1,13.2025431267111,0.0352067816712296,3.40470103832794,90.792027688745,26.6666666666667,0,0,1,Incluir desde 2008.
21789715,217897,2015,MatCan,NA,SC05,SEL,Mature,#VALUE!,3,1,C,500,200,Mimosa eurycarpa,S,0.26,1.8,,,,2007,,,,,,,,,,,,,,,,,,,,,,,,,,,,,,,,,,,,,,,,,,,,0,0,,
21771215,217712,2015,MatCan,NA,SC05,SEL,Mature,#VALUE!,3,1,C,500,186,Mimosa eurycarpa,S,1.46,4.99,1,,,2016,,,,3.9,2.8,3.4,9.9,,,,,,,,,,,,,,,,,,,,,,,,,,,,,,9.9,9.9,76.9768739945839,0.153953747989168,7.47699051554371,149.539810310874,20,0,0,1,Reubicado arriba. inclinada. Junto 191 casi muerta
21760615,217606,2015,MatCan,NA,SC05,SEL,Mature,#VALUE!,3,3,B,500,177,Mimosa eurycarpa,S,3.45,13.56,,,,2013,,,,,,,,,,,,,,,,,,,,,,,,,,,,,,,,,,,,,,,,,,,,0,0,,
21759015,217590,2015,MatCan,NA,SC05,SEL,Mature,#VALUE!,3,3,B,500,381,Mimosa eurycarpa,S,0.3,13.6,,,2005,2016,2015,,,-,-,-,,,,,,,,,,,,,,,,,,,,,,,,,,,,,,,,,,,,,,0,0,,TALLOS MUERTOS LOS VIVOS NO ALCANZAN
21842915,218429,2015,MatCan,NA,SC05,SEL,Mature,#VALUE!,4,1,C,500,285,Mimosa eurycarpa,S,4.63,1.3,,,,2005,,,,,,,,,,,,,,,,,,,,,,,,,,,,,,,,,,,,,,,,,,,,0,0,,
21811515,218115,2015,MatCan,NA,SC05,SEL,Mature,#VALUE!,4,3,B,500,244,Mimosa eurycarpa,S,0.85,11.65,,,,2005,,,,,,,,,,,,,,,,,,,,,,,,,,,,,,,,,,,,,,,,,,,,0,0,,
21795815,217958,2015,MatCan,NA,SC05,SEL,Mature,#VALUE!,4,4,A,500,241,Mimosa eurycarpa,S,2.2,17.82,1,,,2016,,,,5.67,2.93,4.04,12.3,,,,,,,,,,,,,,,,,,,,,,,,,,,,,,12.3,12.3,118.8228881404,0.2376457762808,9.29691513976828,185.938302795366,20,0,0,1,
12074516,120745,2016,MatCan,Phy,MP02,ISA,Mature,#VALUE!,1,1,C,500,A47,Mimosa eurycarpa,S,4.1,3.05,,,2012,2016,2015,,,,,,,,,,,,,,,,,,,,,,,,,,,,,,,,,,,,,,,,,,,0,1,,"Muerto 2016. Estaba doblado y se secó, ya no vive."
12226216,122262,2016,MatCan,Phy,MP02,ISA,Mature,#VALUE!,5,2,B,500,1142,Mimosa eurycarpa,S,1.92,6.2,,,,2016,,,,,,,,,,,,,,,,,,,,,,,,,,,,,,,,,,,,,,,,,,,,0,1,,Muerto 2016. Murió de pie.
13312216,133122,2016,MatCan,Phy,MP04,LE1,Mature,#VALUE!,3,1,B,375,Y424,Mimosa eurycarpa,S,3.88,2.53,1,,,,,,,5.12,1.5,2.89,4.1,,,,,,,,,,,,,,,,,,,,,,,,,,,,,,4.1,4.1,13.2025431267111,0.0352067816712296,3.40470103832794,90.792027688745,26.6666666666667,0,0,1,Incluir desde 2008.
21789716,217897,2016,MatCan,NA,SC05,SEL,Mature,#VALUE!,3,1,C,500,200,Mimosa eurycarpa,S,0.26,1.8,,,,2007,,,,,,,,,,,,,,,,,,,,,,,,,,,,,,,,,,,,,,,,,,,,0,0,,
21771216,217712,2016,MatCan,NA,SC05,SEL,Mature,#VALUE!,3,1,C,500,186,Mimosa eurycarpa,S,1.46,4.99,,,,2016,,,,,,,,,,,,,,,,,,,,,,,,,,,,,,,,,,,,,,,,,,,,0,1,,Muerto 2016
21760616,217606,2016,MatCan,NA,SC05,SEL,Mature,#VALUE!,3,3,B,500,177,Mimosa eurycarpa,S,3.45,13.56,,,,2013,,,,,,,,,,,,,,,,,,,,,,,,,,,,,,,,,,,,,,,,,,,,0,0,,
21759016,217590,2016,MatCan,NA,SC05,SEL,Mature,#VALUE!,3,3,B,500,381,Mimosa eurycarpa,S,0.3,13.6,,,2005,2016,2015,,,,,,,,,,,,,,,,,,,,,,,,,,,,,,,,,,,,,,,,,,,0,1,,Muerto 2016
21842916,218429,2016,MatCan,NA,SC05,SEL,Mature,#VALUE!,4,1,C,500,285,Mimosa eurycarpa,S,4.63,1.3,,,,2005,,,,,,,,,,,,,,,,,,,,,,,,,,,,,,,,,,,,,,,,,,,,0,0,,
21811516,218115,2016,MatCan,NA,SC05,SEL,Mature,#VALUE!,4,3,B,500,244,Mimosa eurycarpa,S,0.85,11.65,,,,2005,,,,,,,,,,,,,,,,,,,,,,,,,,,,,,,,,,,,,,,,,,,,0,0,,
21795816,217958,2016,MatCan,NA,SC05,SEL,Mature,#VALUE!,4,4,A,500,241,Mimosa eurycarpa,S,2.2,17.82,,,,2016,,,,,,,,,,,,,,,,,,,,,,,,,,,,,,,,,,,,,,,,,,,,0,1,,"Muerto 2016. Muerto en pie. Revisar si estaba excluido, porque no tenia datos."
12074517,120745,2017,MatCan,Phy,MP02,ISA,Mature,#VALUE!,1,1,C,500,A47,Mimosa eurycarpa,S,4.1,3.05,,,2012,2016,2015,,,,,,,,,,,,,,,,,,,,,,,,,,,,,,,,,,,,,,,,,,,0,0,,
12226217,122262,2017,MatCan,Phy,MP02,ISA,Mature,#VALUE!,5,2,B,500,1142,Mimosa eurycarpa,S,1.92,6.2,,,,2016,,,,,,,,,,,,,,,,,,,,,,,,,,,,,,,,,,,,,,,,,,,,0,0,,
13312217,133122,2017,MatCan,Phy,MP04,LE1,Mature,#VALUE!,3,1,B,375,Y424,Mimosa eurycarpa,S,3.88,2.53,1,,,,,,,5.12,1.5,2.89,4.1,,,,,,,,,,,,,,,,,,,,,,,,,,,,,,4.1,4.1,13.2025431267111,0.0352067816712296,3.40470103832794,90.792027688745,26.6666666666667,0,0,1,Incluir desde 2008.
21789717,217897,2017,MatCan,NA,SC05,SEL,Mature,#VALUE!,3,1,C,500,200,Mimosa eurycarpa,S,0.26,1.8,,,,2007,,,,,,,,,,,,,,,,,,,,,,,,,,,,,,,,,,,,,,,,,,,,0,0,,
21771217,217712,2017,MatCan,NA,SC05,SEL,Mature,#VALUE!,3,1,C,500,186,Mimosa eurycarpa,S,1.46,4.99,,,,2016,,,,,,,,,,,,,,,,,,,,,,,,,,,,,,,,,,,,,,,,,,,,0,0,,Se inclino/ cayo y murio. 
21760617,217606,2017,MatCan,NA,SC05,SEL,Mature,#VALUE!,3,3,B,500,177,Mimosa eurycarpa,S,3.45,13.56,,,,2013,,,,,,,,,,,,,,,,,,,,,,,,,,,,,,,,,,,,,,,,,,,,0,0,,
21759017,217590,2017,MatCan,NA,SC05,SEL,Mature,#VALUE!,3,3,B,500,381,Mimosa eurycarpa,S,0.3,13.6,,,2005,2016,2015,,,,,,,,,,,,,,,,,,,,,,,,,,,,,,,,,,,,,,,,,,,0,0,,"De pie, seco."
21842917,218429,2017,MatCan,NA,SC05,SEL,Mature,#VALUE!,4,1,C,500,285,Mimosa eurycarpa,S,4.63,1.3,,,,2005,,,,,,,,,,,,,,,,,,,,,,,,,,,,,,,,,,,,,,,,,,,,0,0,,
21811517,218115,2017,MatCan,NA,SC05,SEL,Mature,#VALUE!,4,3,B,500,244,Mimosa eurycarpa,S,0.85,11.65,,,,2005,,,,,,,,,,,,,,,,,,,,,,,,,,,,,,,,,,,,,,,,,,,,0,0,,
21795817,217958,2017,MatCan,NA,SC05,SEL,Mature,#VALUE!,4,4,A,500,241,Mimosa eurycarpa,S,2.2,17.82,,,,2016,,,,,,,,,,,,,,,,,,,,,,,,,,,,,,,,,,,,,,,,,,,,0,0,,
12074518,120745,2018,MatCan,Phy,MP02,ISA,Mature,#VALUE!,1,1,C,500,A47,Mimosa eurycarpa,S,4.1,3.05,,,2012,2016,2015,,,,,,,,,,,,,,,,,,,,,,,,,,,,,,,,,,,,,,,,,,,0,0,,
12226218,122262,2018,MatCan,Phy,MP02,ISA,Mature,#VALUE!,5,2,B,500,1142,Mimosa eurycarpa,S,1.92,6.2,,,,2016,,,,,,,,,,,,,,,,,,,,,,,,,,,,,,,,,,,,,,,,,,,,0,0,,
13312218,133122,2018,MatCan,Phy,MP04,LE1,Mature,#VALUE!,3,1,B,375,Y424,Mimosa eurycarpa,S,3.88,2.53,1,,,,,,,5.8,2.2,2.4,4.7,,,,,,,,,,,,,,,,,,,,,,,,,,,,,,4.7,4.7,17.3494454294496,0.0462651878118657,4.14690230273853,110.584061406361,26.6666666666667,0,0,1,
21789718,217897,2018,MatCan,NA,SC05,SEL,Mature,#VALUE!,3,1,C,500,200,Mimosa eurycarpa,S,0.26,1.8,,,,2007,,,,,,,,,,,,,,,,,,,,,,,,,,,,,,,,,,,,,,,,,,,,0,0,,
21771218,217712,2018,MatCan,NA,SC05,SEL,Mature,#VALUE!,3,1,C,500,186,Mimosa eurycarpa,S,1.46,4.99,,,,2016,,,,,,,,,,,,,,,,,,,,,,,,,,,,,,,,,,,,,,,,,,,,0,0,,
21760618,217606,2018,MatCan,NA,SC05,SEL,Mature,#VALUE!,3,3,B,500,177,Mimosa eurycarpa,S,3.45,13.56,,,,2013,,,,,,,,,,,,,,,,,,,,,,,,,,,,,,,,,,,,,,,,,,,,0,0,,
21759018,217590,2018,MatCan,NA,SC05,SEL,Mature,#VALUE!,3,3,B,500,381,Mimosa eurycarpa,S,0.3,13.6,,,2005,2016,2015,,,,,,,,,,,,,,,,,,,,,,,,,,,,,,,,,,,,,,,,,,,0,0,,
21842918,218429,2018,MatCan,NA,SC05,SEL,Mature,#VALUE!,4,1,C,500,285,Mimosa eurycarpa,S,4.63,1.3,,,,2005,,,,,,,,,,,,,,,,,,,,,,,,,,,,,,,,,,,,,,,,,,,,0,0,,
21811518,218115,2018,MatCan,NA,SC05,SEL,Mature,#VALUE!,4,3,B,500,244,Mimosa eurycarpa,S,0.85,11.65,,,,2005,,,,,,,,,,,,,,,,,,,,,,,,,,,,,,,,,,,,,,,,,,,,0,0,,
21795818,217958,2018,MatCan,NA,SC05,SEL,Mature,#VALUE!,4,4,A,500,241,Mimosa eurycarpa,S,2.2,17.82,,,,2016,,,,,,,,,,,,,,,,,,,,,,,,,,,,,,,,,,,,,,,,,,,,0,0,,
12074519,120745,2019,MatCan,Phy,MP02,ISA,Mature,#VALUE!,1,1,C,500,A47,Mimosa eurycarpa,S,4.1,3.05,,,2012,2016,2015,,,,,,,,,,,,,,,,,,,,,,,,,,,,,,,,,,,,,,,,,,,0,0,,
12226219,122262,2019,MatCan,Phy,MP02,ISA,Mature,#VALUE!,5,2,B,500,1142,Mimosa eurycarpa,S,1.92,6.2,,,,2016,,,,,,,,,,,,,,,,,,,,,,,,,,,,,,,,,,,,,,,,,,,,0,0,,
13312219,133122,2019,MatCan,Phy,MP04,LE1,Mature,#VALUE!,3,1,B,500,Y424,Mimosa eurycarpa,S,3.88,2.53,1,,,,,,,5.87,,,5.5,,,,,,,,,,,,,,,,,,,,,,,,,,,,,,5.5,5.5,23.7582944427728,0.0475165888855456,0,0,20,0,0,1,
21789719,217897,2019,MatCan,NA,SC05,SEL,Mature,#VALUE!,3,1,C,500,200,Mimosa eurycarpa,S,0.26,1.8,,,,2007,,,,,,,,,,,,,,,,,,,,,,,,,,,,,,,,,,,,,,,,,,,,0,0,,
21771219,217712,2019,MatCan,NA,SC05,SEL,Mature,#VALUE!,3,1,C,500,186,Mimosa eurycarpa,S,1.46,4.99,,,,2016,,,,,,,,,,,,,,,,,,,,,,,,,,,,,,,,,,,,,,,,,,,,0,0,,Si se encontró.
21760619,217606,2019,MatCan,NA,SC05,SEL,Mature,#VALUE!,3,3,B,500,177,Mimosa eurycarpa,S,3.45,13.56,,,,2013,,,,,,,,,,,,,,,,,,,,,,,,,,,,,,,,,,,,,,,,,,,,0,0,,
21759019,217590,2019,MatCan,NA,SC05,SEL,Mature,#VALUE!,3,3,B,500,381,Mimosa eurycarpa,S,0.3,13.6,,,2005,2016,2015,,,,,,,,,,,,,,,,,,,,,,,,,,,,,,,,,,,,,,,,,,,0,0,,Si se encontró.
21842919,218429,2019,MatCan,NA,SC05,SEL,Mature,#VALUE!,4,1,C,500,285,Mimosa eurycarpa,S,4.63,1.3,,,,2005,,,,,,,,,,,,,,,,,,,,,,,,,,,,,,,,,,,,,,,,,,,,0,0,,Si se encontró.
21811519,218115,2019,MatCan,NA,SC05,SEL,Mature,#VALUE!,4,3,B,500,244,Mimosa eurycarpa,S,0.85,11.65,,,,2005,,,,,,,,,,,,,,,,,,,,,,,,,,,,,,,,,,,,,,,,,,,,0,0,,Si se encontró.No se ve que haya tenido A twisting.
21795819,217958,2019,MatCan,NA,SC05,SEL,Mature,#VALUE!,4,4,A,500,241,Mimosa eurycarpa,S,2.2,17.82,,,,2016,,,,,,,,,,,,,,,,,,,,,,,,,,,,,,,,,,,,,,,,,,,,0,0,,Si se encontró. De pie seco.
